algorithm,instance,seed,K,distance,gap_pct,derived
grasp,C104,1,50,822.9,0.0,1
grasp,C104,1,100,822.9,0.0,1
grasp,C104,1,200,822.9,0.0,1
grasp,C104,1,400,822.9,0.0,1
grasp,C104,1,800,822.9,0.0,1
grasp,C104,1,1600,822.9,0.0,1
grasp,C104,1,3200,822.9,0.0,0
grasp,C105,1,50,827.3,0.0,1
grasp,C105,1,100,827.3,0.0,1
grasp,C105,1,200,827.3,0.0,1
grasp,C105,1,400,827.3,0.0,1
grasp,C105,1,800,827.3,0.0,1
grasp,C105,1,1600,827.3,0.0,1
grasp,C105,1,3200,827.3,0.0,0
grasp,C107,1,50,827.3,0.0,1
grasp,C107,1,100,827.3,0.0,1
grasp,C107,1,200,827.3,0.0,1
grasp,C107,1,400,827.3,0.0,1
grasp,C107,1,800,827.3,0.0,1
grasp,C107,1,1600,827.3,0.0,1
grasp,C107,1,3200,827.3,0.0,0
grasp,C108,1,50,827.3,0.0,1
grasp,C108,1,100,827.3,0.0,1
grasp,C108,1,200,827.3,0.0,1
grasp,C108,1,400,827.3,0.0,1
grasp,C108,1,800,827.3,0.0,1
grasp,C108,1,1600,827.3,0.0,1
grasp,C108,1,3200,827.3,0.0,0
grasp,C203,1,50,597.7,1.528792,1
grasp,C203,1,100,597.7,1.528792,1
grasp,C203,1,200,597.7,1.528792,1
grasp,C203,1,400,597.7,1.528792,1
grasp,C203,1,800,597.7,1.528792,1
grasp,C203,1,1600,597.7,1.528792,1
grasp,C203,1,3200,588.7,0.0,0
grasp,C206,1,50,586.0,0.0,1
grasp,C206,1,100,586.0,0.0,1
grasp,C206,1,200,586.0,0.0,1
grasp,C206,1,400,586.0,0.0,1
grasp,C206,1,800,586.0,0.0,1
grasp,C206,1,1600,586.0,0.0,1
grasp,C206,1,3200,586.0,0.0,0
grasp,C207,1,50,585.8,0.0,1
grasp,C207,1,100,585.8,0.0,1
grasp,C207,1,200,585.8,0.0,1
grasp,C207,1,400,585.8,0.0,1
grasp,C207,1,800,585.8,0.0,1
grasp,C207,1,1600,585.8,0.0,1
grasp,C207,1,3200,585.8,0.0,0
grasp,C208,1,50,585.8,0.0,1
grasp,C208,1,100,585.8,0.0,1
grasp,C208,1,200,585.8,0.0,1
grasp,C208,1,400,585.8,0.0,1
grasp,C208,1,800,585.8,0.0,1
grasp,C208,1,1600,585.8,0.0,1
grasp,C208,1,3200,585.8,0.0,0
grasp,R102,1,50,1478.7,0.825038,1
grasp,R102,1,100,1478.7,0.825038,1
grasp,R102,1,200,1478.7,0.825038,1
grasp,R102,1,400,1478.7,0.825038,1
grasp,R102,1,800,1478.4,0.804582,1
grasp,R102,1,1600,1478.4,0.804582,1
grasp,R102,1,3200,1478.4,0.804582,0
grasp,R103,1,50,1233.5,2.051791,1
grasp,R103,1,100,1233.5,2.051791,1
grasp,R103,1,200,1233.1,2.018698,1
grasp,R103,1,400,1222.8,1.166543,1
grasp,R103,1,800,1222.8,1.166543,1
grasp,R103,1,1600,1221.0,1.017622,1
grasp,R103,1,3200,1221.0,1.017622,0
grasp,R105,1,50,1390.1,2.567697,1
grasp,R105,1,100,1388.1,2.420128,1
grasp,R105,1,200,1362.1,0.501734,1
grasp,R105,1,400,1362.1,0.501734,1
grasp,R105,1,800,1362.1,0.501734,1
grasp,R105,1,1600,1362.1,0.501734,1
grasp,R105,1,3200,1362.1,0.501734,0
grasp,R107,1,50,1093.3,2.695848,1
grasp,R107,1,100,1093.3,2.695848,1
grasp,R107,1,200,1093.3,2.695848,1
grasp,R107,1,400,1093.3,2.695848,1
grasp,R107,1,800,1093.3,2.695848,1
grasp,R107,1,1600,1081.8,1.61563,1
grasp,R107,1,3200,1081.8,1.61563,0
grasp,R108,1,50,967.4,3.787147,1
grasp,R108,1,100,965.2,3.551121,1
grasp,R108,1,200,965.2,3.551121,1
grasp,R108,1,400,965.2,3.551121,1
grasp,R108,1,800,965.2,3.551121,1
grasp,R108,1,1600,957.2,2.692844,1
grasp,R108,1,3200,957.2,2.692844,0
grasp,R111,1,50,1096.8,4.586631,1
grasp,R111,1,100,1092.4,4.167064,1
grasp,R111,1,200,1085.2,3.4805,1
grasp,R111,1,400,1085.2,3.4805,1
grasp,R111,1,800,1077.2,2.71765,1
grasp,R111,1,1600,1077.2,2.71765,1
grasp,R111,1,3200,1059.5,1.029846,0
grasp,R202,1,50,1071.1,4.030692,1
grasp,R202,1,100,1055.8,2.544678,1
grasp,R202,1,200,1051.8,2.156177,1
grasp,R202,1,400,1051.8,2.156177,1
grasp,R202,1,800,1051.4,2.117327,1
grasp,R202,1,1600,1051.4,2.117327,1
grasp,R202,1,3200,1038.4,0.854701,0
grasp,R204,1,50,766.7,4.840695,1
grasp,R204,1,100,766.1,4.758649,1
grasp,R204,1,200,751.6,2.775879,1
grasp,R204,1,400,751.6,2.775879,1
grasp,R204,1,800,737.7,0.875154,1
grasp,R204,1,1600,737.7,0.875154,1
grasp,R204,1,3200,737.7,0.875154,0
grasp,R207,1,50,850.4,7.103275,1
grasp,R207,1,100,850.4,7.103275,1
grasp,R207,1,200,811.1,2.153652,1
grasp,R207,1,400,811.1,2.153652,1
grasp,R207,1,800,811.1,2.153652,1
grasp,R207,1,1600,811.1,2.153652,1
grasp,R207,1,3200,811.1,2.153652,0
grasp,R208,1,50,714.7,1.954351,1
grasp,R208,1,100,714.7,1.954351,1
grasp,R208,1,200,714.7,1.954351,1
grasp,R208,1,400,710.4,1.340942,1
grasp,R208,1,800,705.7,0.670471,1
grasp,R208,1,1600,705.7,0.670471,1
grasp,R208,1,3200,705.7,0.670471,0
grasp,R209,1,50,925.1,8.224146,1
grasp,R209,1,100,901.4,5.451568,1
grasp,R209,1,200,887.8,3.860552,1
grasp,R209,1,400,868.0,1.544221,1
grasp,R209,1,800,868.0,1.544221,1
grasp,R209,1,1600,868.0,1.544221,1
grasp,R209,1,3200,868.0,1.544221,0
grasp,R211,1,50,794.4,6.388108,1
grasp,R211,1,100,794.4,6.388108,1
grasp,R211,1,200,794.4,6.388108,1
grasp,R211,1,400,794.3,6.374715,1
grasp,R211,1,800,794.3,6.374715,1
grasp,R211,1,1600,790.4,5.852417,1
grasp,R211,1,3200,781.1,4.606937,0
grasp,RC102,1,50,1482.0,1.687937,1
grasp,RC102,1,100,1482.0,1.687937,1
grasp,RC102,1,200,1482.0,1.687937,1
grasp,RC102,1,400,1482.0,1.687937,1
grasp,RC102,1,800,1472.6,1.042953,1
grasp,RC102,1,1600,1472.6,1.042953,1
grasp,RC102,1,3200,1472.6,1.042953,0
grasp,RC103,1,50,1322.8,5.151033,1
grasp,RC103,1,100,1322.8,5.151033,1
grasp,RC103,1,200,1289.9,2.535771,1
grasp,RC103,1,400,1280.0,1.748808,1
grasp,RC103,1,800,1280.0,1.748808,1
grasp,RC103,1,1600,1278.0,1.589825,1
grasp,RC103,1,3200,1278.0,1.589825,0
grasp,RC105,1,50,1557.3,2.880359,1
grasp,RC105,1,100,1557.3,2.880359,1
grasp,RC105,1,200,1557.3,2.880359,1
grasp,RC105,1,400,1557.3,2.880359,1
grasp,RC105,1,800,1548.1,2.272577,1
grasp,RC105,1,1600,1528.6,0.984343,1
grasp,RC105,1,3200,1528.6,0.984343,0
grasp,RC108,1,50,1176.5,5.591456,1
grasp,RC108,1,100,1162.2,4.308024,1
grasp,RC108,1,200,1143.4,2.620714,1
grasp,RC108,1,400,1131.5,1.552684,1
grasp,RC108,1,800,1131.5,1.552684,1
grasp,RC108,1,1600,1131.5,1.552684,1
grasp,RC108,1,3200,1131.5,1.552684,0
grasp,RC202,1,50,1161.4,6.326101,1
grasp,RC202,1,100,1128.3,3.295798,1
grasp,RC202,1,200,1128.3,3.295798,1
grasp,RC202,1,400,1128.3,3.295798,1
grasp,RC202,1,800,1115.7,2.142269,1
grasp,RC202,1,1600,1115.7,2.142269,1
grasp,RC202,1,3200,1115.7,2.142269,0
grasp,RC203,1,50,1011.3,9.483599,1
grasp,RC203,1,100,1011.3,9.483599,1
grasp,RC203,1,200,972.0,5.22897,1
grasp,RC203,1,400,972.0,5.22897,1
grasp,RC203,1,800,972.0,5.22897,1
grasp,RC203,1,1600,960.5,3.983977,1
grasp,RC203,1,3200,960.5,3.983977,0
grasp,RC206,1,50,1090.4,3.73894,1
grasp,RC206,1,100,1090.4,3.73894,1
grasp,RC206,1,200,1078.6,2.616307,1
grasp,RC206,1,400,1078.6,2.616307,1
grasp,RC206,1,800,1078.6,2.616307,1
grasp,RC206,1,1600,1078.6,2.616307,1
grasp,RC206,1,3200,1078.6,2.616307,0
grasp,RC208,1,50,870.8,12.202036,1
grasp,RC208,1,100,870.8,12.202036,1
grasp,RC208,1,200,870.8,12.202036,1
grasp,RC208,1,400,867.3,11.751063,1
grasp,RC208,1,800,844.9,8.864837,1
grasp,RC208,1,1600,844.9,8.864837,1
grasp,RC208,1,3200,844.9,8.864837,0
rgrasp,C104,1,50,822.9,0.0,0
rgrasp,C104,1,100,822.9,0.0,0
rgrasp,C104,1,200,822.9,0.0,0
rgrasp,C104,1,400,822.9,0.0,0
rgrasp,C104,1,800,822.9,0.0,0
rgrasp,C104,1,1600,822.9,0.0,0
rgrasp,C104,1,3200,822.9,0.0,0
rgrasp,C105,1,50,827.3,0.0,0
rgrasp,C105,1,100,827.3,0.0,0
rgrasp,C105,1,200,827.3,0.0,0
rgrasp,C105,1,400,827.3,0.0,0
rgrasp,C105,1,800,827.3,0.0,0
rgrasp,C105,1,1600,827.3,0.0,0
rgrasp,C105,1,3200,827.3,0.0,0
rgrasp,C107,1,50,827.3,0.0,0
rgrasp,C107,1,100,827.3,0.0,0
rgrasp,C107,1,200,827.3,0.0,0
rgrasp,C107,1,400,827.3,0.0,0
rgrasp,C107,1,800,827.3,0.0,0
rgrasp,C107,1,1600,827.3,0.0,0
rgrasp,C107,1,3200,827.3,0.0,0
rgrasp,C108,1,50,827.3,0.0,0
rgrasp,C108,1,100,827.3,0.0,0
rgrasp,C108,1,200,827.3,0.0,0
rgrasp,C108,1,400,827.3,0.0,0
rgrasp,C108,1,800,827.3,0.0,0
rgrasp,C108,1,1600,827.3,0.0,0
rgrasp,C108,1,3200,827.3,0.0,0
rgrasp,C203,1,50,597.7,1.528792,0
rgrasp,C203,1,100,597.7,1.528792,0
rgrasp,C203,1,200,597.7,1.528792,0
rgrasp,C203,1,400,597.7,1.528792,0
rgrasp,C203,1,800,597.7,1.528792,0
rgrasp,C203,1,1600,597.7,1.528792,0
rgrasp,C203,1,3200,588.7,0.0,0
rgrasp,C206,1,50,586.0,0.0,0
rgrasp,C206,1,100,586.0,0.0,0
rgrasp,C206,1,200,586.0,0.0,0
rgrasp,C206,1,400,586.0,0.0,0
rgrasp,C206,1,800,586.0,0.0,0
rgrasp,C206,1,1600,586.0,0.0,0
rgrasp,C206,1,3200,586.0,0.0,0
rgrasp,C207,1,50,585.8,0.0,0
rgrasp,C207,1,100,585.8,0.0,0
rgrasp,C207,1,200,585.8,0.0,0
rgrasp,C207,1,400,585.8,0.0,0
rgrasp,C207,1,800,585.8,0.0,0
rgrasp,C207,1,1600,585.8,0.0,0
rgrasp,C207,1,3200,585.8,0.0,0
rgrasp,C208,1,50,585.8,0.0,0
rgrasp,C208,1,100,585.8,0.0,0
rgrasp,C208,1,200,585.8,0.0,0
rgrasp,C208,1,400,585.8,0.0,0
rgrasp,C208,1,800,585.8,0.0,0
rgrasp,C208,1,1600,585.8,0.0,0
rgrasp,C208,1,3200,585.8,0.0,0
rgrasp,R102,1,50,1478.7,0.825038,0
rgrasp,R102,1,100,1467.8,0.081822,0
rgrasp,R102,1,200,1467.8,0.081822,0
rgrasp,R102,1,400,1467.8,0.081822,0
rgrasp,R102,1,800,1466.9,0.020455,0
rgrasp,R102,1,1600,1466.9,0.020455,0
rgrasp,R102,1,3200,1466.6,0.0,0
rgrasp,R103,1,50,1237.6,2.390999,0
rgrasp,R103,1,100,1237.6,2.390999,0
rgrasp,R103,1,200,1228.7,1.65467,0
rgrasp,R103,1,400,1222.1,1.108629,0
rgrasp,R103,1,800,1222.1,1.108629,0
rgrasp,R103,1,1600,1222.1,1.108629,0
rgrasp,R103,1,3200,1222.1,1.108629,0
rgrasp,R105,1,50,1396.4,3.032539,0
rgrasp,R105,1,100,1396.4,3.032539,0
rgrasp,R105,1,200,1371.8,1.217443,0
rgrasp,R105,1,400,1369.7,1.062495,0
rgrasp,R105,1,800,1369.7,1.062495,0
rgrasp,R105,1,1600,1365.1,0.723087,0
rgrasp,R105,1,3200,1365.1,0.723087,0
rgrasp,R107,1,50,1110.7,4.330265,0
rgrasp,R107,1,100,1110.7,4.330265,0
rgrasp,R107,1,200,1098.0,3.137329,0
rgrasp,R107,1,400,1098.0,3.137329,0
rgrasp,R107,1,800,1098.0,3.137329,0
rgrasp,R107,1,1600,1095.6,2.911892,0
rgrasp,R107,1,3200,1085.4,1.953785,0
rgrasp,R108,1,50,969.3,3.990988,0
rgrasp,R108,1,100,969.3,3.990988,0
rgrasp,R108,1,200,969.3,3.990988,0
rgrasp,R108,1,400,957.8,2.757215,0
rgrasp,R108,1,800,957.8,2.757215,0
rgrasp,R108,1,1600,957.8,2.757215,0
rgrasp,R108,1,3200,951.0,2.027679,0
rgrasp,R111,1,50,1098.3,4.729665,0
rgrasp,R111,1,100,1098.3,4.729665,0
rgrasp,R111,1,200,1071.5,2.17412,0
rgrasp,R111,1,400,1071.5,2.17412,0
rgrasp,R111,1,800,1071.5,2.17412,0
rgrasp,R111,1,1600,1071.5,2.17412,0
rgrasp,R111,1,3200,1058.5,0.93449,0
rgrasp,R202,1,50,1058.0,2.758353,0
rgrasp,R202,1,100,1058.0,2.758353,0
rgrasp,R202,1,200,1058.0,2.758353,0
rgrasp,R202,1,400,1058.0,2.758353,0
rgrasp,R202,1,800,1058.0,2.758353,0
rgrasp,R202,1,1600,1058.0,2.758353,0
rgrasp,R202,1,3200,1038.4,0.854701,0
rgrasp,R204,1,50,761.9,4.184329,0
rgrasp,R204,1,100,761.9,4.184329,0
rgrasp,R204,1,200,752.1,2.84425,0
rgrasp,R204,1,400,752.1,2.84425,0
rgrasp,R204,1,800,744.5,1.805005,0
rgrasp,R204,1,1600,740.3,1.230685,0
rgrasp,R204,1,3200,740.3,1.230685,0
rgrasp,R207,1,50,837.0,5.415617,0
rgrasp,R207,1,100,837.0,5.415617,0
rgrasp,R207,1,200,837.0,5.415617,0
rgrasp,R207,1,400,837.0,5.415617,0
rgrasp,R207,1,800,824.4,3.828715,0
rgrasp,R207,1,1600,811.1,2.153652,0
rgrasp,R207,1,3200,811.1,2.153652,0
rgrasp,R208,1,50,709.5,1.212553,0
rgrasp,R208,1,100,709.5,1.212553,0
rgrasp,R208,1,200,709.5,1.212553,0
rgrasp,R208,1,400,709.5,1.212553,0
rgrasp,R208,1,800,709.5,1.212553,0
rgrasp,R208,1,1600,706.9,0.841655,0
rgrasp,R208,1,3200,706.9,0.841655,0
rgrasp,R209,1,50,885.4,3.579785,0
rgrasp,R209,1,100,885.4,3.579785,0
rgrasp,R209,1,200,885.4,3.579785,0
rgrasp,R209,1,400,885.4,3.579785,0
rgrasp,R209,1,800,869.2,1.684605,0
rgrasp,R209,1,1600,869.2,1.684605,0
rgrasp,R209,1,3200,869.2,1.684605,0
rgrasp,R211,1,50,814.7,9.106736,0
rgrasp,R211,1,100,807.9,8.196063,0
rgrasp,R211,1,200,795.6,6.548815,0
rgrasp,R211,1,400,795.6,6.548815,0
rgrasp,R211,1,800,795.6,6.548815,0
rgrasp,R211,1,1600,795.6,6.548815,0
rgrasp,R211,1,3200,781.2,4.620329,0
rgrasp,RC102,1,50,1489.8,2.223137,0
rgrasp,RC102,1,100,1482.0,1.687937,0
rgrasp,RC102,1,200,1482.0,1.687937,0
rgrasp,RC102,1,400,1482.0,1.687937,0
rgrasp,RC102,1,800,1482.0,1.687937,0
rgrasp,RC102,1,1600,1481.4,1.646768,0
rgrasp,RC102,1,3200,1470.4,0.891999,0
rgrasp,RC103,1,50,1299.9,3.330684,0
rgrasp,RC103,1,100,1299.9,3.330684,0
rgrasp,RC103,1,200,1299.9,3.330684,0
rgrasp,RC103,1,400,1285.5,2.18601,0
rgrasp,RC103,1,800,1285.5,2.18601,0
rgrasp,RC103,1,1600,1285.5,2.18601,0
rgrasp,RC103,1,3200,1285.5,2.18601,0
rgrasp,RC105,1,50,1549.5,2.365066,0
rgrasp,RC105,1,100,1549.5,2.365066,0
rgrasp,RC105,1,200,1536.0,1.473211,0
rgrasp,RC105,1,400,1536.0,1.473211,0
rgrasp,RC105,1,800,1536.0,1.473211,0
rgrasp,RC105,1,1600,1536.0,1.473211,0
rgrasp,RC105,1,3200,1536.0,1.473211,0
rgrasp,RC108,1,50,1156.8,3.823371,0
rgrasp,RC108,1,100,1149.1,3.132292,0
rgrasp,RC108,1,200,1133.8,1.75911,0
rgrasp,RC108,1,400,1133.8,1.75911,0
rgrasp,RC108,1,800,1129.6,1.382158,0
rgrasp,RC108,1,1600,1129.6,1.382158,0
rgrasp,RC108,1,3200,1129.6,1.382158,0
rgrasp,RC202,1,50,1158.1,6.023986,0
rgrasp,RC202,1,100,1125.3,3.021148,0
rgrasp,RC202,1,200,1125.3,3.021148,0
rgrasp,RC202,1,400,1125.3,3.021148,0
rgrasp,RC202,1,800,1115.7,2.142269,0
rgrasp,RC202,1,1600,1115.7,2.142269,0
rgrasp,RC202,1,3200,1115.7,2.142269,0
rgrasp,RC203,1,50,980.0,6.095053,0
rgrasp,RC203,1,100,974.7,5.521273,0
rgrasp,RC203,1,200,974.7,5.521273,0
rgrasp,RC203,1,400,968.4,4.839234,0
rgrasp,RC203,1,800,951.7,3.031287,0
rgrasp,RC203,1,1600,951.7,3.031287,0
rgrasp,RC203,1,3200,951.7,3.031287,0
rgrasp,RC206,1,50,1096.1,4.281229,0
rgrasp,RC206,1,100,1088.3,3.539149,0
rgrasp,RC206,1,200,1088.3,3.539149,0
rgrasp,RC206,1,400,1082.5,2.987347,0
rgrasp,RC206,1,800,1082.5,2.987347,0
rgrasp,RC206,1,1600,1078.8,2.635334,0
rgrasp,RC206,1,3200,1078.8,2.635334,0
rgrasp,RC208,1,50,867.5,11.776833,0
rgrasp,RC208,1,100,837.6,7.924237,0
rgrasp,RC208,1,200,830.5,7.009406,0
rgrasp,RC208,1,400,789.6,1.739467,0
rgrasp,RC208,1,800,789.6,1.739467,0
rgrasp,RC208,1,1600,789.6,1.739467,0
rgrasp,RC208,1,3200,789.6,1.739467,0
tabu,C104,1,50,839.5,2.017256,1
tabu,C104,1,100,839.5,2.017256,1
tabu,C104,1,200,839.5,2.017256,1
tabu,C104,1,400,839.5,2.017256,1
tabu,C104,1,800,839.5,2.017256,1
tabu,C104,1,1600,822.9,0.0,1
tabu,C104,1,3200,822.9,0.0,0
tabu,C105,1,50,827.3,0.0,1
tabu,C105,1,100,827.3,0.0,1
tabu,C105,1,200,827.3,0.0,1
tabu,C105,1,400,827.3,0.0,1
tabu,C105,1,800,827.3,0.0,1
tabu,C105,1,1600,827.3,0.0,1
tabu,C105,1,3200,827.3,0.0,0
tabu,C107,1,50,827.3,0.0,1
tabu,C107,1,100,827.3,0.0,1
tabu,C107,1,200,827.3,0.0,1
tabu,C107,1,400,827.3,0.0,1
tabu,C107,1,800,827.3,0.0,1
tabu,C107,1,1600,827.3,0.0,1
tabu,C107,1,3200,827.3,0.0,0
tabu,C108,1,50,827.3,0.0,1
tabu,C108,1,100,827.3,0.0,1
tabu,C108,1,200,827.3,0.0,1
tabu,C108,1,400,827.3,0.0,1
tabu,C108,1,800,827.3,0.0,1
tabu,C108,1,1600,827.3,0.0,1
tabu,C108,1,3200,827.3,0.0,0
tabu,C203,1,50,602.3,2.310175,1
tabu,C203,1,100,602.3,2.310175,1
tabu,C203,1,200,602.3,2.310175,1
tabu,C203,1,400,602.3,2.310175,1
tabu,C203,1,800,588.7,0.0,1
tabu,C203,1,1600,588.7,0.0,1
tabu,C203,1,3200,588.7,0.0,0
tabu,C206,1,50,586.0,0.0,1
tabu,C206,1,100,586.0,0.0,1
tabu,C206,1,200,586.0,0.0,1
tabu,C206,1,400,586.0,0.0,1
tabu,C206,1,800,586.0,0.0,1
tabu,C206,1,1600,586.0,0.0,1
tabu,C206,1,3200,586.0,0.0,0
tabu,C207,1,50,585.8,0.0,1
tabu,C207,1,100,585.8,0.0,1
tabu,C207,1,200,585.8,0.0,1
tabu,C207,1,400,585.8,0.0,1
tabu,C207,1,800,585.8,0.0,1
tabu,C207,1,1600,585.8,0.0,1
tabu,C207,1,3200,585.8,0.0,0
tabu,C208,1,50,585.8,0.0,1
tabu,C208,1,100,585.8,0.0,1
tabu,C208,1,200,585.8,0.0,1
tabu,C208,1,400,585.8,0.0,1
tabu,C208,1,800,585.8,0.0,1
tabu,C208,1,1600,585.8,0.0,1
tabu,C208,1,3200,585.8,0.0,0
tabu,R102,1,50,1491.0,1.663712,1
tabu,R102,1,100,1491.0,1.663712,1
tabu,R102,1,200,1491.0,1.663712,1
tabu,R102,1,400,1479.4,0.872767,1
tabu,R102,1,800,1479.4,0.872767,1
tabu,R102,1,1600,1479.4,0.872767,1
tabu,R102,1,3200,1479.4,0.872767,0
tabu,R103,1,50,1264.5,4.61653,1
tabu,R103,1,100,1264.5,4.61653,1
tabu,R103,1,200,1264.5,4.61653,1
tabu,R103,1,400,1246.6,3.1356,1
tabu,R103,1,800,1246.6,3.1356,1
tabu,R103,1,1600,1246.6,3.1356,1
tabu,R103,1,3200,1246.6,3.1356,0
tabu,R105,1,50,1361.8,0.479599,1
tabu,R105,1,100,1361.8,0.479599,1
tabu,R105,1,200,1361.8,0.479599,1
tabu,R105,1,400,1361.8,0.479599,1
tabu,R105,1,800,1361.8,0.479599,1
tabu,R105,1,1600,1361.8,0.479599,1
tabu,R105,1,3200,1361.8,0.479599,0
tabu,R107,1,50,1175.4,10.407665,1
tabu,R107,1,100,1130.0,6.143152,1
tabu,R107,1,200,1118.7,5.081721,1
tabu,R107,1,400,1118.7,5.081721,1
tabu,R107,1,800,1118.7,5.081721,1
tabu,R107,1,1600,1118.7,5.081721,1
tabu,R107,1,3200,1118.7,5.081721,0
tabu,R108,1,50,1006.0,7.928334,1
tabu,R108,1,100,1006.0,7.928334,1
tabu,R108,1,200,981.6,5.310589,1
tabu,R108,1,400,981.6,5.310589,1
tabu,R108,1,800,981.6,5.310589,1
tabu,R108,1,1600,968.1,3.862247,1
tabu,R108,1,3200,968.1,3.862247,0
tabu,R111,1,50,1065.0,1.554305,1
tabu,R111,1,100,1065.0,1.554305,1
tabu,R111,1,200,1065.0,1.554305,1
tabu,R111,1,400,1065.0,1.554305,1
tabu,R111,1,800,1065.0,1.554305,1
tabu,R111,1,1600,1065.0,1.554305,1
tabu,R111,1,3200,1057.1,0.800992,0
tabu,R202,1,50,1116.1,8.401321,1
tabu,R202,1,100,1116.1,8.401321,1
tabu,R202,1,200,1116.1,8.401321,1
tabu,R202,1,400,1116.1,8.401321,1
tabu,R202,1,800,1116.1,8.401321,1
tabu,R202,1,1600,1086.4,5.516706,1
tabu,R202,1,3200,1086.4,5.516706,0
tabu,R204,1,50,786.9,7.602899,1
tabu,R204,1,100,786.9,7.602899,1
tabu,R204,1,200,778.8,6.495282,1
tabu,R204,1,400,778.8,6.495282,1
tabu,R204,1,800,769.3,5.196226,1
tabu,R204,1,1600,769.3,5.196226,1
tabu,R204,1,3200,769.3,5.196226,0
tabu,R207,1,50,916.0,15.365239,1
tabu,R207,1,100,916.0,15.365239,1
tabu,R207,1,200,837.0,5.415617,1
tabu,R207,1,400,837.0,5.415617,1
tabu,R207,1,800,822.1,3.539043,1
tabu,R207,1,1600,822.1,3.539043,1
tabu,R207,1,3200,822.1,3.539043,0
tabu,R208,1,50,792.3,13.024251,1
tabu,R208,1,100,763.6,8.9301,1
tabu,R208,1,200,763.6,8.9301,1
tabu,R208,1,400,763.6,8.9301,1
tabu,R208,1,800,763.6,8.9301,1
tabu,R208,1,1600,763.6,8.9301,1
tabu,R208,1,3200,729.4,4.051355,0
tabu,R209,1,50,922.7,7.943379,1
tabu,R209,1,100,913.0,6.80861,1
tabu,R209,1,200,913.0,6.80861,1
tabu,R209,1,400,913.0,6.80861,1
tabu,R209,1,800,913.0,6.80861,1
tabu,R209,1,1600,895.2,4.726252,1
tabu,R209,1,3200,895.2,4.726252,0
tabu,R211,1,50,874.2,17.075131,1
tabu,R211,1,100,874.2,17.075131,1
tabu,R211,1,200,830.5,11.222713,1
tabu,R211,1,400,830.5,11.222713,1
tabu,R211,1,800,827.3,10.794161,1
tabu,R211,1,1600,810.3,8.517477,1
tabu,R211,1,3200,798.9,6.990759,0
tabu,RC102,1,50,1522.4,4.459997,1
tabu,RC102,1,100,1488.8,2.154522,1
tabu,RC102,1,200,1488.8,2.154522,1
tabu,RC102,1,400,1488.8,2.154522,1
tabu,RC102,1,800,1488.8,2.154522,1
tabu,RC102,1,1600,1488.8,2.154522,1
tabu,RC102,1,3200,1482.4,1.715384,0
tabu,RC103,1,50,1335.3,6.144674,1
tabu,RC103,1,100,1335.3,6.144674,1
tabu,RC103,1,200,1335.3,6.144674,1
tabu,RC103,1,400,1335.3,6.144674,1
tabu,RC103,1,800,1326.5,5.445151,1
tabu,RC103,1,1600,1326.5,5.445151,1
tabu,RC103,1,3200,1321.0,5.007949,0
tabu,RC105,1,50,1543.4,1.96208,1
tabu,RC105,1,100,1543.4,1.96208,1
tabu,RC105,1,200,1520.6,0.455837,1
tabu,RC105,1,400,1520.6,0.455837,1
tabu,RC105,1,800,1520.6,0.455837,1
tabu,RC105,1,1600,1520.6,0.455837,1
tabu,RC105,1,3200,1520.6,0.455837,0
tabu,RC108,1,50,1193.9,7.153114,1
tabu,RC108,1,100,1178.2,5.744032,1
tabu,RC108,1,200,1178.2,5.744032,1
tabu,RC108,1,400,1146.4,2.889966,1
tabu,RC108,1,800,1146.4,2.889966,1
tabu,RC108,1,1600,1146.4,2.889966,1
tabu,RC108,1,3200,1146.4,2.889966,0
tabu,RC202,1,50,1244.4,13.924746,1
tabu,RC202,1,100,1244.4,13.924746,1
tabu,RC202,1,200,1244.4,13.924746,1
tabu,RC202,1,400,1244.4,13.924746,1
tabu,RC202,1,800,1244.4,13.924746,1
tabu,RC202,1,1600,1237.0,13.247276,1
tabu,RC202,1,3200,1237.0,13.247276,0
tabu,RC203,1,50,1009.2,9.256252,1
tabu,RC203,1,100,1009.2,9.256252,1
tabu,RC203,1,200,1009.2,9.256252,1
tabu,RC203,1,400,1009.2,9.256252,1
tabu,RC203,1,800,1009.2,9.256252,1
tabu,RC203,1,1600,1009.2,9.256252,1
tabu,RC203,1,3200,1009.2,9.256252,0
tabu,RC206,1,50,1105.2,5.146989,1
tabu,RC206,1,100,1105.2,5.146989,1
tabu,RC206,1,200,1105.2,5.146989,1
tabu,RC206,1,400,1090.9,3.786509,1
tabu,RC206,1,800,1090.9,3.786509,1
tabu,RC206,1,1600,1090.9,3.786509,1
tabu,RC206,1,3200,1090.9,3.786509,0
tabu,RC208,1,50,925.8,19.288751,1
tabu,RC208,1,100,915.4,17.948718,1
tabu,RC208,1,200,915.4,17.948718,1
tabu,RC208,1,400,878.2,13.155521,1
tabu,RC208,1,800,878.2,13.155521,1
tabu,RC208,1,1600,878.2,13.155521,1
tabu,RC208,1,3200,864.2,11.35163,0
