config,neighborhoods,instance,family,type,dist,veh,time_ms,gap_pct
cumul:Relocate,relocate,C101,C,1,827.3,10,3,0.0
cumul:Relocate+Or-opt,"relocate,oropt",C101,C,1,827.3,10,4,0.0
cumul:Relocate+Or-opt+Swap,"relocate,oropt,swap",C101,C,1,827.3,10,4,0.0
cumul:Relocate+Or-opt+Swap+2-opt,"relocate,oropt,swap,twoopt",C101,C,1,827.3,10,4,0.0
cumul:Relocate+Or-opt+Swap+2-opt+Cross-exch.,"relocate,oropt,swap,twoopt,cross",C101,C,1,827.3,10,7,0.0
sem:Relocate,"oropt,swap,twoopt,cross",C101,C,1,883.3,10,7,6.7690076151335665
sem:Or-opt,"relocate,swap,twoopt,cross",C101,C,1,827.3,10,6,0.0
sem:Swap,"relocate,oropt,twoopt,cross",C101,C,1,827.3,10,7,0.0
sem:2-opt,"relocate,oropt,swap,cross",C101,C,1,827.3,10,7,0.0
sem:Cross-exch.,"relocate,oropt,swap,twoopt",C101,C,1,827.3,10,4,0.0
cumul:Relocate,relocate,C102,C,1,841.1,10,6,1.6680768765864946
cumul:Relocate+Or-opt,"relocate,oropt",C102,C,1,841.1,10,7,1.6680768765864946
cumul:Relocate+Or-opt+Swap,"relocate,oropt,swap",C102,C,1,841.1,10,7,1.6680768765864946
cumul:Relocate+Or-opt+Swap+2-opt,"relocate,oropt,swap,twoopt",C102,C,1,841.1,10,7,1.6680768765864946
cumul:Relocate+Or-opt+Swap+2-opt+Cross-exch.,"relocate,oropt,swap,twoopt,cross",C102,C,1,841.1,10,10,1.6680768765864946
sem:Relocate,"oropt,swap,twoopt,cross",C102,C,1,906.3,10,21,9.549135742777711
sem:Or-opt,"relocate,swap,twoopt,cross",C102,C,1,841.1,10,9,1.6680768765864946
sem:Swap,"relocate,oropt,twoopt,cross",C102,C,1,841.1,10,10,1.6680768765864946
sem:2-opt,"relocate,oropt,swap,cross",C102,C,1,841.1,10,10,1.6680768765864946
sem:Cross-exch.,"relocate,oropt,swap,twoopt",C102,C,1,841.1,10,7,1.6680768765864946
cumul:Relocate,relocate,C103,C,1,931.0,11,8,12.670942756867973
cumul:Relocate+Or-opt,"relocate,oropt",C103,C,1,926.1,11,12,12.077937794989722
cumul:Relocate+Or-opt+Swap,"relocate,oropt,swap",C103,C,1,921.7,11,18,11.545443543507213
cumul:Relocate+Or-opt+Swap+2-opt,"relocate,oropt,swap,twoopt",C103,C,1,881.4,10,22,6.668280285610556
cumul:Relocate+Or-opt+Swap+2-opt+Cross-exch.,"relocate,oropt,swap,twoopt,cross",C103,C,1,873.2,10,33,5.675904635120427
sem:Relocate,"oropt,swap,twoopt,cross",C103,C,1,931.7,11,47,12.755657751422014
sem:Or-opt,"relocate,swap,twoopt,cross",C103,C,1,879.8,10,20,6.474646012344186
sem:Swap,"relocate,oropt,twoopt,cross",C103,C,1,879.8,10,28,6.474646012344186
sem:2-opt,"relocate,oropt,swap,cross",C103,C,1,913.5,11,28,10.55306789301707
sem:Cross-exch.,"relocate,oropt,swap,twoopt",C103,C,1,881.4,10,22,6.668280285610556
cumul:Relocate,relocate,C104,C,1,1068.1,10,4,29.79705918094543
cumul:Relocate+Or-opt,"relocate,oropt",C104,C,1,1053.0,10,14,27.962085308056878
cumul:Relocate+Or-opt+Swap,"relocate,oropt,swap",C104,C,1,1022.6,10,31,24.267833272572613
cumul:Relocate+Or-opt+Swap+2-opt,"relocate,oropt,swap,twoopt",C104,C,1,898.2,10,42,9.150565074735699
cumul:Relocate+Or-opt+Swap+2-opt+Cross-exch.,"relocate,oropt,swap,twoopt,cross",C104,C,1,898.2,10,44,9.150565074735699
sem:Relocate,"oropt,swap,twoopt,cross",C104,C,1,932.8,10,57,13.355207194069752
sem:Or-opt,"relocate,swap,twoopt,cross",C104,C,1,972.8,10,20,18.21606513549641
sem:Swap,"relocate,oropt,twoopt,cross",C104,C,1,900.9,10,31,9.47867298578199
sem:2-opt,"relocate,oropt,swap,cross",C104,C,1,1012.7,10,38,23.06477093206952
sem:Cross-exch.,"relocate,oropt,swap,twoopt",C104,C,1,898.2,10,42,9.150565074735699
cumul:Relocate,relocate,C105,C,1,827.3,10,3,0.0
cumul:Relocate+Or-opt,"relocate,oropt",C105,C,1,827.3,10,4,0.0
cumul:Relocate+Or-opt+Swap,"relocate,oropt,swap",C105,C,1,827.3,10,4,0.0
cumul:Relocate+Or-opt+Swap+2-opt,"relocate,oropt,swap,twoopt",C105,C,1,827.3,10,4,0.0
cumul:Relocate+Or-opt+Swap+2-opt+Cross-exch.,"relocate,oropt,swap,twoopt,cross",C105,C,1,827.3,10,7,0.0
sem:Relocate,"oropt,swap,twoopt,cross",C105,C,1,854.4,10,9,3.2757161851807113
sem:Or-opt,"relocate,swap,twoopt,cross",C105,C,1,827.3,10,6,0.0
sem:Swap,"relocate,oropt,twoopt,cross",C105,C,1,827.3,10,7,0.0
sem:2-opt,"relocate,oropt,swap,cross",C105,C,1,827.3,10,7,0.0
sem:Cross-exch.,"relocate,oropt,swap,twoopt",C105,C,1,827.3,10,4,0.0
cumul:Relocate,relocate,C106,C,1,827.3,10,5,0.0
cumul:Relocate+Or-opt,"relocate,oropt",C106,C,1,827.3,10,6,0.0
cumul:Relocate+Or-opt+Swap,"relocate,oropt,swap",C106,C,1,827.3,10,7,0.0
cumul:Relocate+Or-opt+Swap+2-opt,"relocate,oropt,swap,twoopt",C106,C,1,827.3,10,7,0.0
cumul:Relocate+Or-opt+Swap+2-opt+Cross-exch.,"relocate,oropt,swap,twoopt,cross",C106,C,1,827.3,10,9,0.0
sem:Relocate,"oropt,swap,twoopt,cross",C106,C,1,913.9,11,16,10.467786776260127
sem:Or-opt,"relocate,swap,twoopt,cross",C106,C,1,827.3,10,8,0.0
sem:Swap,"relocate,oropt,twoopt,cross",C106,C,1,827.3,10,9,0.0
sem:2-opt,"relocate,oropt,swap,cross",C106,C,1,827.3,10,9,0.0
sem:Cross-exch.,"relocate,oropt,swap,twoopt",C106,C,1,827.3,10,7,0.0
cumul:Relocate,relocate,C107,C,1,827.3,10,2,0.0
cumul:Relocate+Or-opt,"relocate,oropt",C107,C,1,827.3,10,4,0.0
cumul:Relocate+Or-opt+Swap,"relocate,oropt,swap",C107,C,1,827.3,10,4,0.0
cumul:Relocate+Or-opt+Swap+2-opt,"relocate,oropt,swap,twoopt",C107,C,1,827.3,10,4,0.0
cumul:Relocate+Or-opt+Swap+2-opt+Cross-exch.,"relocate,oropt,swap,twoopt,cross",C107,C,1,827.3,10,7,0.0
sem:Relocate,"oropt,swap,twoopt,cross",C107,C,1,865.2,10,12,4.581167653813622
sem:Or-opt,"relocate,swap,twoopt,cross",C107,C,1,827.3,10,5,0.0
sem:Swap,"relocate,oropt,twoopt,cross",C107,C,1,827.3,10,7,0.0
sem:2-opt,"relocate,oropt,swap,cross",C107,C,1,827.3,10,7,0.0
sem:Cross-exch.,"relocate,oropt,swap,twoopt",C107,C,1,827.3,10,4,0.0
cumul:Relocate,relocate,C108,C,1,827.3,10,6,0.0
cumul:Relocate+Or-opt,"relocate,oropt",C108,C,1,827.3,10,7,0.0
cumul:Relocate+Or-opt+Swap,"relocate,oropt,swap",C108,C,1,827.3,10,8,0.0
cumul:Relocate+Or-opt+Swap+2-opt,"relocate,oropt,swap,twoopt",C108,C,1,827.3,10,8,0.0
cumul:Relocate+Or-opt+Swap+2-opt+Cross-exch.,"relocate,oropt,swap,twoopt,cross",C108,C,1,827.3,10,10,0.0
sem:Relocate,"oropt,swap,twoopt,cross",C108,C,1,890.2,10,26,7.603046053426822
sem:Or-opt,"relocate,swap,twoopt,cross",C108,C,1,827.3,10,9,0.0
sem:Swap,"relocate,oropt,twoopt,cross",C108,C,1,827.3,10,10,0.0
sem:2-opt,"relocate,oropt,swap,cross",C108,C,1,827.3,10,10,0.0
sem:Cross-exch.,"relocate,oropt,swap,twoopt",C108,C,1,827.3,10,8,0.0
cumul:Relocate,relocate,C109,C,1,880.2,11,6,6.394294693581541
cumul:Relocate+Or-opt,"relocate,oropt",C109,C,1,880.2,11,8,6.394294693581541
cumul:Relocate+Or-opt+Swap,"relocate,oropt,swap",C109,C,1,880.2,11,8,6.394294693581541
cumul:Relocate+Or-opt+Swap+2-opt,"relocate,oropt,swap,twoopt",C109,C,1,880.2,11,8,6.394294693581541
cumul:Relocate+Or-opt+Swap+2-opt+Cross-exch.,"relocate,oropt,swap,twoopt,cross",C109,C,1,880.2,11,11,6.394294693581541
sem:Relocate,"oropt,swap,twoopt,cross",C109,C,1,891.4,11,17,7.748096216608246
sem:Or-opt,"relocate,swap,twoopt,cross",C109,C,1,880.2,11,9,6.394294693581541
sem:Swap,"relocate,oropt,twoopt,cross",C109,C,1,880.2,11,10,6.394294693581541
sem:2-opt,"relocate,oropt,swap,cross",C109,C,1,880.2,11,11,6.394294693581541
sem:Cross-exch.,"relocate,oropt,swap,twoopt",C109,C,1,880.2,11,8,6.394294693581541
cumul:Relocate,relocate,C201,C,2,589.1,3,2,0.0
cumul:Relocate+Or-opt,"relocate,oropt",C201,C,2,589.1,3,5,0.0
cumul:Relocate+Or-opt+Swap,"relocate,oropt,swap",C201,C,2,589.1,3,5,0.0
cumul:Relocate+Or-opt+Swap+2-opt,"relocate,oropt,swap,twoopt",C201,C,2,589.1,3,5,0.0
cumul:Relocate+Or-opt+Swap+2-opt+Cross-exch.,"relocate,oropt,swap,twoopt,cross",C201,C,2,589.1,3,8,0.0
sem:Relocate,"oropt,swap,twoopt,cross",C201,C,2,589.1,3,9,0.0
sem:Or-opt,"relocate,swap,twoopt,cross",C201,C,2,589.1,3,6,0.0
sem:Swap,"relocate,oropt,twoopt,cross",C201,C,2,589.1,3,8,0.0
sem:2-opt,"relocate,oropt,swap,cross",C201,C,2,589.1,3,8,0.0
sem:Cross-exch.,"relocate,oropt,swap,twoopt",C201,C,2,589.1,3,5,0.0
cumul:Relocate,relocate,C202,C,2,617.9,3,11,4.888813444236964
cumul:Relocate+Or-opt,"relocate,oropt",C202,C,2,617.9,3,13,4.888813444236964
cumul:Relocate+Or-opt+Swap,"relocate,oropt,swap",C202,C,2,617.9,3,14,4.888813444236964
cumul:Relocate+Or-opt+Swap+2-opt,"relocate,oropt,swap,twoopt",C202,C,2,617.9,3,14,4.888813444236964
cumul:Relocate+Or-opt+Swap+2-opt+Cross-exch.,"relocate,oropt,swap,twoopt,cross",C202,C,2,617.9,3,17,4.888813444236964
sem:Relocate,"oropt,swap,twoopt,cross",C202,C,2,634.2,4,40,7.65574605330165
sem:Or-opt,"relocate,swap,twoopt,cross",C202,C,2,617.9,3,15,4.888813444236964
sem:Swap,"relocate,oropt,twoopt,cross",C202,C,2,617.9,3,17,4.888813444236964
sem:2-opt,"relocate,oropt,swap,cross",C202,C,2,617.9,3,17,4.888813444236964
sem:Cross-exch.,"relocate,oropt,swap,twoopt",C202,C,2,617.9,3,14,4.888813444236964
cumul:Relocate,relocate,C203,C,2,691.1,4,17,17.394258535756745
cumul:Relocate+Or-opt,"relocate,oropt",C203,C,2,631.3,4,33,7.236283336164415
cumul:Relocate+Or-opt+Swap,"relocate,oropt,swap",C203,C,2,622.2,4,38,5.690504501443859
cumul:Relocate+Or-opt+Swap+2-opt,"relocate,oropt,swap,twoopt",C203,C,2,622.2,4,39,5.690504501443859
cumul:Relocate+Or-opt+Swap+2-opt+Cross-exch.,"relocate,oropt,swap,twoopt,cross",C203,C,2,622.2,4,42,5.690504501443859
sem:Relocate,"oropt,swap,twoopt,cross",C203,C,2,649.1,4,79,10.259894683200267
sem:Or-opt,"relocate,swap,twoopt,cross",C203,C,2,690.0,4,22,17.20740614914217
sem:Swap,"relocate,oropt,twoopt,cross",C203,C,2,631.3,4,36,7.236283336164415
sem:2-opt,"relocate,oropt,swap,cross",C203,C,2,622.2,4,42,5.690504501443859
sem:Cross-exch.,"relocate,oropt,swap,twoopt",C203,C,2,622.2,4,39,5.690504501443859
cumul:Relocate,relocate,C204,C,2,886.2,4,21,50.68865839143003
cumul:Relocate+Or-opt,"relocate,oropt",C204,C,2,791.2,4,56,34.53494303689849
cumul:Relocate+Or-opt+Swap,"relocate,oropt,swap",C204,C,2,787.0,4,59,33.820778779119195
cumul:Relocate+Or-opt+Swap+2-opt,"relocate,oropt,swap,twoopt",C204,C,2,787.0,4,59,33.820778779119195
cumul:Relocate+Or-opt+Swap+2-opt+Cross-exch.,"relocate,oropt,swap,twoopt,cross",C204,C,2,770.0,4,70,30.930113926203024
sem:Relocate,"oropt,swap,twoopt,cross",C204,C,2,805.5,4,92,36.96650229552797
sem:Or-opt,"relocate,swap,twoopt,cross",C204,C,2,848.8,4,38,44.32919571501444
sem:Swap,"relocate,oropt,twoopt,cross",C204,C,2,774.2,4,66,31.644278183982316
sem:2-opt,"relocate,oropt,swap,cross",C204,C,2,770.0,4,70,30.930113926203024
sem:Cross-exch.,"relocate,oropt,swap,twoopt",C204,C,2,787.0,4,60,33.820778779119195
cumul:Relocate,relocate,C205,C,2,606.8,3,8,3.478854024556613
cumul:Relocate+Or-opt,"relocate,oropt",C205,C,2,606.8,3,11,3.478854024556613
cumul:Relocate+Or-opt+Swap,"relocate,oropt,swap",C205,C,2,606.8,3,11,3.478854024556613
cumul:Relocate+Or-opt+Swap+2-opt,"relocate,oropt,swap,twoopt",C205,C,2,606.8,3,11,3.478854024556613
cumul:Relocate+Or-opt+Swap+2-opt+Cross-exch.,"relocate,oropt,swap,twoopt,cross",C205,C,2,606.8,3,14,3.478854024556613
sem:Relocate,"oropt,swap,twoopt,cross",C205,C,2,638.1,4,23,8.81650750341065
sem:Or-opt,"relocate,swap,twoopt,cross",C205,C,2,606.8,3,12,3.478854024556613
sem:Swap,"relocate,oropt,twoopt,cross",C205,C,2,606.8,3,14,3.478854024556613
sem:2-opt,"relocate,oropt,swap,cross",C205,C,2,606.8,3,14,3.478854024556613
sem:Cross-exch.,"relocate,oropt,swap,twoopt",C205,C,2,606.8,3,11,3.478854024556613
cumul:Relocate,relocate,C206,C,2,586.0,3,9,0.0
cumul:Relocate+Or-opt,"relocate,oropt",C206,C,2,586.0,3,12,0.0
cumul:Relocate+Or-opt+Swap,"relocate,oropt,swap",C206,C,2,586.0,3,12,0.0
cumul:Relocate+Or-opt+Swap+2-opt,"relocate,oropt,swap,twoopt",C206,C,2,586.0,3,13,0.0
cumul:Relocate+Or-opt+Swap+2-opt+Cross-exch.,"relocate,oropt,swap,twoopt,cross",C206,C,2,586.0,3,16,0.0
sem:Relocate,"oropt,swap,twoopt,cross",C206,C,2,598.5,3,31,2.1331058020477816
sem:Or-opt,"relocate,swap,twoopt,cross",C206,C,2,586.0,3,13,0.0
sem:Swap,"relocate,oropt,twoopt,cross",C206,C,2,586.0,3,15,0.0
sem:2-opt,"relocate,oropt,swap,cross",C206,C,2,586.0,3,16,0.0
sem:Cross-exch.,"relocate,oropt,swap,twoopt",C206,C,2,586.0,3,13,0.0
cumul:Relocate,relocate,C207,C,2,585.8,3,12,0.0
cumul:Relocate+Or-opt,"relocate,oropt",C207,C,2,585.8,3,15,0.0
cumul:Relocate+Or-opt+Swap,"relocate,oropt,swap",C207,C,2,585.8,3,15,0.0
cumul:Relocate+Or-opt+Swap+2-opt,"relocate,oropt,swap,twoopt",C207,C,2,585.8,3,15,0.0
cumul:Relocate+Or-opt+Swap+2-opt+Cross-exch.,"relocate,oropt,swap,twoopt,cross",C207,C,2,585.8,3,19,0.0
sem:Relocate,"oropt,swap,twoopt,cross",C207,C,2,696.5,3,34,18.89723455104132
sem:Or-opt,"relocate,swap,twoopt,cross",C207,C,2,585.8,3,16,0.0
sem:Swap,"relocate,oropt,twoopt,cross",C207,C,2,585.8,3,18,0.0
sem:2-opt,"relocate,oropt,swap,cross",C207,C,2,585.8,3,19,0.0
sem:Cross-exch.,"relocate,oropt,swap,twoopt",C207,C,2,585.8,3,15,0.0
cumul:Relocate,relocate,C208,C,2,632.3,3,13,7.937862751792421
cumul:Relocate+Or-opt,"relocate,oropt",C208,C,2,632.3,3,16,7.937862751792421
cumul:Relocate+Or-opt+Swap,"relocate,oropt,swap",C208,C,2,632.3,3,17,7.937862751792421
cumul:Relocate+Or-opt+Swap+2-opt,"relocate,oropt,swap,twoopt",C208,C,2,632.3,3,17,7.937862751792421
cumul:Relocate+Or-opt+Swap+2-opt+Cross-exch.,"relocate,oropt,swap,twoopt,cross",C208,C,2,632.3,3,20,7.937862751792421
sem:Relocate,"oropt,swap,twoopt,cross",C208,C,2,647.0,3,51,10.447251621713905
sem:Or-opt,"relocate,swap,twoopt,cross",C208,C,2,632.3,3,17,7.937862751792421
sem:Swap,"relocate,oropt,twoopt,cross",C208,C,2,632.3,3,20,7.937862751792421
sem:2-opt,"relocate,oropt,swap,cross",C208,C,2,632.3,3,20,7.937862751792421
sem:Cross-exch.,"relocate,oropt,swap,twoopt",C208,C,2,632.3,3,17,7.937862751792421
cumul:Relocate,relocate,R101,R,1,1727.5,21,6,5.483299749648895
cumul:Relocate+Or-opt,"relocate,oropt",R101,R,1,1726.2,21,9,5.403920131892288
cumul:Relocate+Or-opt+Swap,"relocate,oropt,swap",R101,R,1,1696.5,21,19,3.59040117237589
cumul:Relocate+Or-opt+Swap+2-opt,"relocate,oropt,swap,twoopt",R101,R,1,1696.5,21,19,3.59040117237589
cumul:Relocate+Or-opt+Swap+2-opt+Cross-exch.,"relocate,oropt,swap,twoopt,cross",R101,R,1,1670.0,21,42,1.9722781950296118
sem:Relocate,"oropt,swap,twoopt,cross",R101,R,1,1717.1,21,54,4.848262807596011
sem:Or-opt,"relocate,swap,twoopt,cross",R101,R,1,1671.7,21,29,2.076082310557489
sem:Swap,"relocate,oropt,twoopt,cross",R101,R,1,1669.8,21,43,1.9600659461439767
sem:2-opt,"relocate,oropt,swap,cross",R101,R,1,1670.0,21,42,1.9722781950296118
sem:Cross-exch.,"relocate,oropt,swap,twoopt",R101,R,1,1696.5,21,19,3.59040117237589
cumul:Relocate,relocate,R102,R,1,1516.8,19,10,3.4228828583117448
cumul:Relocate+Or-opt,"relocate,oropt",R102,R,1,1515.5,19,12,3.334242465566623
cumul:Relocate+Or-opt+Swap,"relocate,oropt,swap",R102,R,1,1515.5,19,13,3.334242465566623
cumul:Relocate+Or-opt+Swap+2-opt,"relocate,oropt,swap,twoopt",R102,R,1,1515.5,19,13,3.334242465566623
cumul:Relocate+Or-opt+Swap+2-opt+Cross-exch.,"relocate,oropt,swap,twoopt,cross",R102,R,1,1509.5,19,19,2.925132960589124
sem:Relocate,"oropt,swap,twoopt,cross",R102,R,1,1529.4,19,50,4.2820128187645015
sem:Or-opt,"relocate,swap,twoopt,cross",R102,R,1,1510.8,19,15,3.013773353334246
sem:Swap,"relocate,oropt,twoopt,cross",R102,R,1,1509.5,19,19,2.925132960589124
sem:2-opt,"relocate,oropt,swap,cross",R102,R,1,1509.5,19,19,2.925132960589124
sem:Cross-exch.,"relocate,oropt,swap,twoopt",R102,R,1,1515.5,19,13,3.334242465566623
cumul:Relocate,relocate,R103,R,1,1337.9,16,11,10.689170182841073
cumul:Relocate+Or-opt,"relocate,oropt",R103,R,1,1334.7,16,14,10.424422933730455
cumul:Relocate+Or-opt+Swap,"relocate,oropt,swap",R103,R,1,1312.3,16,23,8.571192189956143
cumul:Relocate+Or-opt+Swap+2-opt,"relocate,oropt,swap,twoopt",R103,R,1,1312.3,16,23,8.571192189956143
cumul:Relocate+Or-opt+Swap+2-opt+Cross-exch.,"relocate,oropt,swap,twoopt,cross",R103,R,1,1308.7,16,29,8.273351534706709
sem:Relocate,"oropt,swap,twoopt,cross",R103,R,1,1327.5,16,65,9.828741623231567
sem:Or-opt,"relocate,swap,twoopt,cross",R103,R,1,1309.7,16,23,8.356085050053776
sem:Swap,"relocate,oropt,twoopt,cross",R103,R,1,1308.7,16,36,8.273351534706709
sem:2-opt,"relocate,oropt,swap,cross",R103,R,1,1308.7,16,29,8.273351534706709
sem:Cross-exch.,"relocate,oropt,swap,twoopt",R103,R,1,1312.3,16,23,8.571192189956143
cumul:Relocate,relocate,R104,R,1,1085.5,12,15,11.734431291816778
cumul:Relocate+Or-opt,"relocate,oropt",R104,R,1,1084.7,12,18,11.65208440555842
cumul:Relocate+Or-opt+Swap,"relocate,oropt,swap",R104,R,1,1078.1,12,27,10.972722593926907
cumul:Relocate+Or-opt+Swap+2-opt,"relocate,oropt,swap,twoopt",R104,R,1,1078.1,12,27,10.972722593926907
cumul:Relocate+Or-opt+Swap+2-opt+Cross-exch.,"relocate,oropt,swap,twoopt,cross",R104,R,1,1048.4,12,41,7.9155944415851875
sem:Relocate,"oropt,swap,twoopt,cross",R104,R,1,1044.4,12,67,7.50386001029337
sem:Or-opt,"relocate,swap,twoopt,cross",R104,R,1,1040.0,12,34,7.050952135872363
sem:Swap,"relocate,oropt,twoopt,cross",R104,R,1,1064.5,12,42,9.57282552753474
sem:2-opt,"relocate,oropt,swap,cross",R104,R,1,1048.4,12,41,7.9155944415851875
sem:Cross-exch.,"relocate,oropt,swap,twoopt",R104,R,1,1078.1,12,26,10.972722593926907
cumul:Relocate,relocate,R105,R,1,1462.3,15,7,7.894931011584151
cumul:Relocate+Or-opt,"relocate,oropt",R105,R,1,1462.3,15,8,7.894931011584151
cumul:Relocate+Or-opt+Swap,"relocate,oropt,swap",R105,R,1,1451.4,15,12,7.090681030030262
cumul:Relocate+Or-opt+Swap+2-opt,"relocate,oropt,swap,twoopt",R105,R,1,1451.4,15,12,7.090681030030262
cumul:Relocate+Or-opt+Swap+2-opt+Cross-exch.,"relocate,oropt,swap,twoopt,cross",R105,R,1,1437.1,15,23,6.035564081753114
sem:Relocate,"oropt,swap,twoopt,cross",R105,R,1,1467.3,15,44,8.263853021471261
sem:Or-opt,"relocate,swap,twoopt,cross",R105,R,1,1437.1,15,17,6.035564081753114
sem:Swap,"relocate,oropt,twoopt,cross",R105,R,1,1423.2,15,31,5.009960894266959
sem:2-opt,"relocate,oropt,swap,cross",R105,R,1,1437.1,15,23,6.035564081753114
sem:Cross-exch.,"relocate,oropt,swap,twoopt",R105,R,1,1451.4,15,12,7.090681030030262
cumul:Relocate,relocate,R106,R,1,1317.0,14,8,6.674226470111785
cumul:Relocate+Or-opt,"relocate,oropt",R106,R,1,1317.0,14,9,6.674226470111785
cumul:Relocate+Or-opt+Swap,"relocate,oropt,swap",R106,R,1,1315.9,14,12,6.585128786651562
cumul:Relocate+Or-opt+Swap+2-opt,"relocate,oropt,swap,twoopt",R106,R,1,1315.9,14,11,6.585128786651562
cumul:Relocate+Or-opt+Swap+2-opt+Cross-exch.,"relocate,oropt,swap,twoopt,cross",R106,R,1,1301.5,14,22,5.418759112263089
sem:Relocate,"oropt,swap,twoopt,cross",R106,R,1,1329.1,14,36,7.654300988174308
sem:Or-opt,"relocate,swap,twoopt,cross",R106,R,1,1301.5,14,17,5.418759112263089
sem:Swap,"relocate,oropt,twoopt,cross",R106,R,1,1301.5,14,24,5.418759112263089
sem:2-opt,"relocate,oropt,swap,cross",R106,R,1,1301.5,14,22,5.418759112263089
sem:Cross-exch.,"relocate,oropt,swap,twoopt",R106,R,1,1315.9,14,12,6.585128786651562
cumul:Relocate,relocate,R107,R,1,1209.3,12,13,13.591959421378927
cumul:Relocate+Or-opt,"relocate,oropt",R107,R,1,1204.5,12,17,13.141085853841828
cumul:Relocate+Or-opt+Swap,"relocate,oropt,swap",R107,R,1,1203.5,12,19,13.047153860604933
cumul:Relocate+Or-opt+Swap+2-opt,"relocate,oropt,swap,twoopt",R107,R,1,1203.5,12,19,13.047153860604933
cumul:Relocate+Or-opt+Swap+2-opt+Cross-exch.,"relocate,oropt,swap,twoopt,cross",R107,R,1,1172.5,12,32,10.13526207026114
sem:Relocate,"oropt,swap,twoopt,cross",R107,R,1,1209.0,12,59,13.563779823407863
sem:Or-opt,"relocate,swap,twoopt,cross",R107,R,1,1177.5,12,25,10.604922036445624
sem:Swap,"relocate,oropt,twoopt,cross",R107,R,1,1172.5,12,34,10.13526207026114
sem:2-opt,"relocate,oropt,swap,cross",R107,R,1,1172.5,12,33,10.13526207026114
sem:Cross-exch.,"relocate,oropt,swap,twoopt",R107,R,1,1203.5,12,19,13.047153860604933
cumul:Relocate,relocate,R108,R,1,1138.7,11,6,22.165003754961916
cumul:Relocate+Or-opt,"relocate,oropt",R108,R,1,1138.7,11,7,22.165003754961916
cumul:Relocate+Or-opt+Swap,"relocate,oropt,swap",R108,R,1,1125.1,11,24,20.70593283982404
cumul:Relocate+Or-opt+Swap+2-opt,"relocate,oropt,swap,twoopt",R108,R,1,1125.1,11,24,20.70593283982404
cumul:Relocate+Or-opt+Swap+2-opt+Cross-exch.,"relocate,oropt,swap,twoopt,cross",R108,R,1,1121.2,11,31,20.28752279798305
sem:Relocate,"oropt,swap,twoopt,cross",R108,R,1,1131.8,11,37,21.42473983478167
sem:Or-opt,"relocate,swap,twoopt,cross",R108,R,1,1121.2,11,17,20.28752279798305
sem:Swap,"relocate,oropt,twoopt,cross",R108,R,1,1125.8,11,35,20.781032078103202
sem:2-opt,"relocate,oropt,swap,cross",R108,R,1,1121.2,11,30,20.28752279798305
sem:Cross-exch.,"relocate,oropt,swap,twoopt",R108,R,1,1125.1,11,24,20.70593283982404
cumul:Relocate,relocate,R109,R,1,1329.5,14,7,15.921178829889257
cumul:Relocate+Or-opt,"relocate,oropt",R109,R,1,1306.9,14,13,13.950649577120933
cumul:Relocate+Or-opt+Swap,"relocate,oropt,swap",R109,R,1,1278.4,14,21,11.465690121196268
cumul:Relocate+Or-opt+Swap+2-opt,"relocate,oropt,swap,twoopt",R109,R,1,1278.4,14,21,11.465690121196268
cumul:Relocate+Or-opt+Swap+2-opt+Cross-exch.,"relocate,oropt,swap,twoopt,cross",R109,R,1,1278.4,14,24,11.465690121196268
sem:Relocate,"oropt,swap,twoopt,cross",R109,R,1,1308.8,14,36,14.116313540849232
sem:Or-opt,"relocate,swap,twoopt,cross",R109,R,1,1288.0,14,16,12.302729095823516
sem:Swap,"relocate,oropt,twoopt,cross",R109,R,1,1278.4,14,31,11.465690121196268
sem:2-opt,"relocate,oropt,swap,cross",R109,R,1,1278.4,14,23,11.465690121196268
sem:Cross-exch.,"relocate,oropt,swap,twoopt",R109,R,1,1278.4,14,21,11.465690121196268
cumul:Relocate,relocate,R110,R,1,1239.0,12,6,16.01123595505618
cumul:Relocate+Or-opt,"relocate,oropt",R110,R,1,1239.0,12,8,16.01123595505618
cumul:Relocate+Or-opt+Swap,"relocate,oropt,swap",R110,R,1,1233.1,12,11,15.458801498127334
cumul:Relocate+Or-opt+Swap+2-opt,"relocate,oropt,swap,twoopt",R110,R,1,1233.1,12,11,15.458801498127334
cumul:Relocate+Or-opt+Swap+2-opt+Cross-exch.,"relocate,oropt,swap,twoopt,cross",R110,R,1,1196.2,12,19,12.003745318352065
sem:Relocate,"oropt,swap,twoopt,cross",R110,R,1,1272.3,12,29,19.129213483146064
sem:Or-opt,"relocate,swap,twoopt,cross",R110,R,1,1196.2,12,15,12.003745318352065
sem:Swap,"relocate,oropt,twoopt,cross",R110,R,1,1202.1,12,16,12.55617977528089
sem:2-opt,"relocate,oropt,swap,cross",R110,R,1,1196.2,12,20,12.003745318352065
sem:Cross-exch.,"relocate,oropt,swap,twoopt",R110,R,1,1233.1,12,11,15.458801498127334
cumul:Relocate,relocate,R111,R,1,1157.2,12,12,10.34614284352055
cumul:Relocate+Or-opt,"relocate,oropt",R111,R,1,1145.7,12,19,9.24954705826261
cumul:Relocate+Or-opt+Swap,"relocate,oropt,swap",R111,R,1,1134.3,12,25,8.162486888528646
cumul:Relocate+Or-opt+Swap+2-opt,"relocate,oropt,swap,twoopt",R111,R,1,1134.3,12,26,8.162486888528646
cumul:Relocate+Or-opt+Swap+2-opt+Cross-exch.,"relocate,oropt,swap,twoopt,cross",R111,R,1,1134.3,12,28,8.162486888528646
sem:Relocate,"oropt,swap,twoopt,cross",R111,R,1,1211.0,12,25,15.4763039954229
sem:Or-opt,"relocate,swap,twoopt,cross",R111,R,1,1145.3,12,18,9.211404596166673
sem:Swap,"relocate,oropt,twoopt,cross",R111,R,1,1134.3,12,34,8.162486888528646
sem:2-opt,"relocate,oropt,swap,cross",R111,R,1,1134.3,12,28,8.162486888528646
sem:Cross-exch.,"relocate,oropt,swap,twoopt",R111,R,1,1134.3,12,25,8.162486888528646
cumul:Relocate,relocate,R112,R,1,1070.4,11,10,12.83997469955725
cumul:Relocate+Or-opt,"relocate,oropt",R112,R,1,1070.4,11,12,12.83997469955725
cumul:Relocate+Or-opt+Swap,"relocate,oropt,swap",R112,R,1,1057.2,11,17,11.448450347881089
cumul:Relocate+Or-opt+Swap+2-opt,"relocate,oropt,swap,twoopt",R112,R,1,1057.2,11,17,11.448450347881089
cumul:Relocate+Or-opt+Swap+2-opt+Cross-exch.,"relocate,oropt,swap,twoopt,cross",R112,R,1,1051.9,11,24,10.88973223698082
sem:Relocate,"oropt,swap,twoopt,cross",R112,R,1,1101.3,11,41,16.097406704617324
sem:Or-opt,"relocate,swap,twoopt,cross",R112,R,1,1051.9,11,18,10.88973223698082
sem:Swap,"relocate,oropt,twoopt,cross",R112,R,1,1051.9,11,24,10.88973223698082
sem:2-opt,"relocate,oropt,swap,cross",R112,R,1,1051.9,11,24,10.88973223698082
sem:Cross-exch.,"relocate,oropt,swap,twoopt",R112,R,1,1057.2,11,17,11.448450347881089
cumul:Relocate,relocate,R201,R,2,1459.6,5,17,27.676696990902716
cumul:Relocate+Or-opt,"relocate,oropt",R201,R,2,1428.2,5,30,24.930020993701888
cumul:Relocate+Or-opt+Swap,"relocate,oropt,swap",R201,R,2,1428.2,5,30,24.930020993701888
cumul:Relocate+Or-opt+Swap+2-opt,"relocate,oropt,swap,twoopt",R201,R,2,1428.2,5,30,24.930020993701888
cumul:Relocate+Or-opt+Swap+2-opt+Cross-exch.,"relocate,oropt,swap,twoopt,cross",R201,R,2,1332.9,5,50,16.59377186843947
sem:Relocate,"oropt,swap,twoopt,cross",R201,R,2,1342.2,5,93,17.407277816655004
sem:Or-opt,"relocate,swap,twoopt,cross",R201,R,2,1350.2,5,39,18.10706787963611
sem:Swap,"relocate,oropt,twoopt,cross",R201,R,2,1332.9,5,52,16.59377186843947
sem:2-opt,"relocate,oropt,swap,cross",R201,R,2,1332.9,5,49,16.59377186843947
sem:Cross-exch.,"relocate,oropt,swap,twoopt",R201,R,2,1428.2,5,30,24.930020993701888
cumul:Relocate,relocate,R202,R,2,1177.2,4,29,14.33566433566435
cumul:Relocate+Or-opt,"relocate,oropt",R202,R,2,1162.6,4,35,12.91763791763792
cumul:Relocate+Or-opt+Swap,"relocate,oropt,swap",R202,R,2,1160.7,4,39,12.733100233100247
cumul:Relocate+Or-opt+Swap+2-opt,"relocate,oropt,swap,twoopt",R202,R,2,1160.7,4,40,12.733100233100247
cumul:Relocate+Or-opt+Swap+2-opt+Cross-exch.,"relocate,oropt,swap,twoopt,cross",R202,R,2,1160.7,4,43,12.733100233100247
sem:Relocate,"oropt,swap,twoopt,cross",R202,R,2,1338.0,4,67,29.953379953379965
sem:Or-opt,"relocate,swap,twoopt,cross",R202,R,2,1160.7,4,38,12.733100233100247
sem:Swap,"relocate,oropt,twoopt,cross",R202,R,2,1160.7,4,45,12.733100233100247
sem:2-opt,"relocate,oropt,swap,cross",R202,R,2,1160.7,4,43,12.733100233100247
sem:Cross-exch.,"relocate,oropt,swap,twoopt",R202,R,2,1160.7,4,40,12.733100233100247
cumul:Relocate,relocate,R203,R,2,1046.0,4,50,20.119430408819483
cumul:Relocate+Or-opt,"relocate,oropt",R203,R,2,1044.0,4,56,19.889756545705104
cumul:Relocate+Or-opt+Swap,"relocate,oropt,swap",R203,R,2,1044.0,4,55,19.889756545705104
cumul:Relocate+Or-opt+Swap+2-opt,"relocate,oropt,swap,twoopt",R203,R,2,1025.3,4,68,17.74230592558567
cumul:Relocate+Or-opt+Swap+2-opt+Cross-exch.,"relocate,oropt,swap,twoopt,cross",R203,R,2,1025.3,4,72,17.74230592558567
sem:Relocate,"oropt,swap,twoopt,cross",R203,R,2,1023.4,4,158,17.52411575562701
sem:Or-opt,"relocate,swap,twoopt,cross",R203,R,2,1025.3,4,58,17.74230592558567
sem:Swap,"relocate,oropt,twoopt,cross",R203,R,2,1020.7,4,70,17.214056040422612
sem:2-opt,"relocate,oropt,swap,cross",R203,R,2,1044.0,4,59,19.889756545705104
sem:Cross-exch.,"relocate,oropt,swap,twoopt",R203,R,2,1025.3,4,67,17.74230592558567
cumul:Relocate,relocate,R204,R,2,858.3,4,42,17.36633392588541
cumul:Relocate+Or-opt,"relocate,oropt",R204,R,2,847.2,4,55,15.848488992205676
cumul:Relocate+Or-opt+Swap,"relocate,oropt,swap",R204,R,2,846.7,4,63,15.780117598796679
cumul:Relocate+Or-opt+Swap+2-opt,"relocate,oropt,swap,twoopt",R204,R,2,846.7,4,68,15.780117598796679
cumul:Relocate+Or-opt+Swap+2-opt+Cross-exch.,"relocate,oropt,swap,twoopt,cross",R204,R,2,846.7,4,68,15.780117598796679
sem:Relocate,"oropt,swap,twoopt,cross",R204,R,2,905.3,4,135,23.793244906331193
sem:Or-opt,"relocate,swap,twoopt,cross",R204,R,2,850.3,4,61,16.27239163134145
sem:Swap,"relocate,oropt,twoopt,cross",R204,R,2,847.1,4,65,15.834814713523873
sem:2-opt,"relocate,oropt,swap,cross",R204,R,2,846.7,4,68,15.780117598796679
sem:Cross-exch.,"relocate,oropt,swap,twoopt",R204,R,2,846.7,4,64,15.780117598796679
cumul:Relocate,relocate,R205,R,2,1178.2,4,20,24.047167824805232
cumul:Relocate+Or-opt,"relocate,oropt",R205,R,2,1178.2,4,22,24.047167824805232
cumul:Relocate+Or-opt+Swap,"relocate,oropt,swap",R205,R,2,1178.2,4,23,24.047167824805232
cumul:Relocate+Or-opt+Swap+2-opt,"relocate,oropt,swap,twoopt",R205,R,2,1178.2,4,23,24.047167824805232
cumul:Relocate+Or-opt+Swap+2-opt+Cross-exch.,"relocate,oropt,swap,twoopt,cross",R205,R,2,1178.2,4,26,24.047167824805232
sem:Relocate,"oropt,swap,twoopt,cross",R205,R,2,1178.9,4,87,24.120867551063398
sem:Or-opt,"relocate,swap,twoopt,cross",R205,R,2,1178.2,4,23,24.047167824805232
sem:Swap,"relocate,oropt,twoopt,cross",R205,R,2,1178.2,4,26,24.047167824805232
sem:2-opt,"relocate,oropt,swap,cross",R205,R,2,1178.2,4,26,24.047167824805232
sem:Cross-exch.,"relocate,oropt,swap,twoopt",R205,R,2,1178.2,4,23,24.047167824805232
cumul:Relocate,relocate,R206,R,2,1108.7,3,16,26.578376527000806
cumul:Relocate+Or-opt,"relocate,oropt",R206,R,2,1102.6,3,23,25.88194999429158
cumul:Relocate+Or-opt+Swap,"relocate,oropt,swap",R206,R,2,1083.7,3,47,23.72416942573354
cumul:Relocate+Or-opt+Swap+2-opt,"relocate,oropt,swap,twoopt",R206,R,2,1076.7,3,59,22.924991437378704
cumul:Relocate+Or-opt+Swap+2-opt+Cross-exch.,"relocate,oropt,swap,twoopt,cross",R206,R,2,1076.7,3,62,22.924991437378704
sem:Relocate,"oropt,swap,twoopt,cross",R206,R,2,1159.9,3,48,32.42379267039618
sem:Or-opt,"relocate,swap,twoopt,cross",R206,R,2,1052.6,3,41,20.17353579175704
sem:Swap,"relocate,oropt,twoopt,cross",R206,R,2,1089.3,3,44,24.363511816417397
sem:2-opt,"relocate,oropt,swap,cross",R206,R,2,1083.7,3,50,23.72416942573354
sem:Cross-exch.,"relocate,oropt,swap,twoopt",R206,R,2,1076.7,3,58,22.924991437378704
cumul:Relocate,relocate,R207,R,2,956.3,3,25,20.440806045340047
cumul:Relocate+Or-opt,"relocate,oropt",R207,R,2,940.7,3,45,18.47607052896726
cumul:Relocate+Or-opt+Swap,"relocate,oropt,swap",R207,R,2,940.7,3,45,18.47607052896726
cumul:Relocate+Or-opt+Swap+2-opt,"relocate,oropt,swap,twoopt",R207,R,2,940.7,3,46,18.47607052896726
cumul:Relocate+Or-opt+Swap+2-opt+Cross-exch.,"relocate,oropt,swap,twoopt,cross",R207,R,2,940.7,3,49,18.47607052896726
sem:Relocate,"oropt,swap,twoopt,cross",R207,R,2,957.4,3,112,20.579345088161205
sem:Or-opt,"relocate,swap,twoopt,cross",R207,R,2,956.3,3,30,20.440806045340047
sem:Swap,"relocate,oropt,twoopt,cross",R207,R,2,940.7,3,49,18.47607052896726
sem:2-opt,"relocate,oropt,swap,cross",R207,R,2,940.7,3,48,18.47607052896726
sem:Cross-exch.,"relocate,oropt,swap,twoopt",R207,R,2,940.7,3,45,18.47607052896726
cumul:Relocate,relocate,R208,R,2,845.8,3,19,20.656205420827384
cumul:Relocate+Or-opt,"relocate,oropt",R208,R,2,829.5,3,36,18.33095577746077
cumul:Relocate+Or-opt+Swap,"relocate,oropt,swap",R208,R,2,821.9,3,48,17.246790299572037
cumul:Relocate+Or-opt+Swap+2-opt,"relocate,oropt,swap,twoopt",R208,R,2,821.9,3,48,17.246790299572037
cumul:Relocate+Or-opt+Swap+2-opt+Cross-exch.,"relocate,oropt,swap,twoopt,cross",R208,R,2,821.9,3,52,17.246790299572037
sem:Relocate,"oropt,swap,twoopt,cross",R208,R,2,839.1,3,85,19.700427960057066
sem:Or-opt,"relocate,swap,twoopt,cross",R208,R,2,824.3,3,37,17.589158345221108
sem:Swap,"relocate,oropt,twoopt,cross",R208,R,2,821.9,3,53,17.246790299572037
sem:2-opt,"relocate,oropt,swap,cross",R208,R,2,821.9,3,52,17.246790299572037
sem:Cross-exch.,"relocate,oropt,swap,twoopt",R208,R,2,821.9,3,48,17.246790299572037
cumul:Relocate,relocate,R209,R,2,1097.9,4,22,28.4394010294806
cumul:Relocate+Or-opt,"relocate,oropt",R209,R,2,954.6,4,59,11.675245671502115
cumul:Relocate+Or-opt+Swap,"relocate,oropt,swap",R209,R,2,954.6,4,60,11.675245671502115
cumul:Relocate+Or-opt+Swap+2-opt,"relocate,oropt,swap,twoopt",R209,R,2,954.6,4,59,11.675245671502115
cumul:Relocate+Or-opt+Swap+2-opt+Cross-exch.,"relocate,oropt,swap,twoopt,cross",R209,R,2,954.6,4,64,11.675245671502115
sem:Relocate,"oropt,swap,twoopt,cross",R209,R,2,1031.0,4,109,20.613008890968654
sem:Or-opt,"relocate,swap,twoopt,cross",R209,R,2,1096.5,4,29,28.275620028076748
sem:Swap,"relocate,oropt,twoopt,cross",R209,R,2,954.6,4,63,11.675245671502115
sem:2-opt,"relocate,oropt,swap,cross",R209,R,2,954.6,4,62,11.675245671502115
sem:Cross-exch.,"relocate,oropt,swap,twoopt",R209,R,2,954.6,4,60,11.675245671502115
cumul:Relocate,relocate,R210,R,2,1121.7,4,28,24.564131038312055
cumul:Relocate+Or-opt,"relocate,oropt",R210,R,2,1109.0,4,38,23.153803442531924
cumul:Relocate+Or-opt+Swap,"relocate,oropt,swap",R210,R,2,1093.5,4,47,21.432537479178233
cumul:Relocate+Or-opt+Swap+2-opt,"relocate,oropt,swap,twoopt",R210,R,2,1093.5,4,47,21.432537479178233
cumul:Relocate+Or-opt+Swap+2-opt+Cross-exch.,"relocate,oropt,swap,twoopt,cross",R210,R,2,1093.5,4,51,21.432537479178233
sem:Relocate,"oropt,swap,twoopt,cross",R210,R,2,1186.1,4,92,31.715713492504154
sem:Or-opt,"relocate,swap,twoopt,cross",R210,R,2,1106.2,4,36,22.84286507495836
sem:Swap,"relocate,oropt,twoopt,cross",R210,R,2,1093.5,4,46,21.432537479178233
sem:2-opt,"relocate,oropt,swap,cross",R210,R,2,1093.5,4,50,21.432537479178233
sem:Cross-exch.,"relocate,oropt,swap,twoopt",R210,R,2,1093.5,4,47,21.432537479178233
cumul:Relocate,relocate,R211,R,2,991.2,3,6,32.74407392527119
cumul:Relocate+Or-opt,"relocate,oropt",R211,R,2,929.0,3,23,24.414088656756388
cumul:Relocate+Or-opt+Swap,"relocate,oropt,swap",R211,R,2,929.0,3,24,24.414088656756388
cumul:Relocate+Or-opt+Swap+2-opt,"relocate,oropt,swap,twoopt",R211,R,2,929.0,3,24,24.414088656756388
cumul:Relocate+Or-opt+Swap+2-opt+Cross-exch.,"relocate,oropt,swap,twoopt,cross",R211,R,2,929.0,3,27,24.414088656756388
sem:Relocate,"oropt,swap,twoopt,cross",R211,R,2,916.3,3,85,22.713271728940658
sem:Or-opt,"relocate,swap,twoopt,cross",R211,R,2,981.5,3,13,31.44502477567965
sem:Swap,"relocate,oropt,twoopt,cross",R211,R,2,929.0,3,27,24.414088656756388
sem:2-opt,"relocate,oropt,swap,cross",R211,R,2,929.0,3,27,24.414088656756388
sem:Cross-exch.,"relocate,oropt,swap,twoopt",R211,R,2,929.0,3,24,24.414088656756388
cumul:Relocate,relocate,RC101,RC,1,1726.9,17,8,6.61192739844426
cumul:Relocate+Or-opt,"relocate,oropt",RC101,RC,1,1726.9,17,9,6.61192739844426
cumul:Relocate+Or-opt+Swap,"relocate,oropt,swap",RC101,RC,1,1722.2,17,11,6.321768119520935
cumul:Relocate+Or-opt+Swap+2-opt,"relocate,oropt,swap,twoopt",RC101,RC,1,1722.2,17,11,6.321768119520935
cumul:Relocate+Or-opt+Swap+2-opt+Cross-exch.,"relocate,oropt,swap,twoopt,cross",RC101,RC,1,1691.1,17,23,4.401777997283612
sem:Relocate,"oropt,swap,twoopt,cross",RC101,RC,1,1774.4,17,28,9.544388196073598
sem:Or-opt,"relocate,swap,twoopt,cross",RC101,RC,1,1691.1,17,17,4.401777997283612
sem:Swap,"relocate,oropt,twoopt,cross",RC101,RC,1,1691.1,17,26,4.401777997283612
sem:2-opt,"relocate,oropt,swap,cross",RC101,RC,1,1691.1,17,23,4.401777997283612
sem:Cross-exch.,"relocate,oropt,swap,twoopt",RC101,RC,1,1722.2,17,11,6.321768119520935
cumul:Relocate,relocate,RC102,RC,1,1608.1,15,11,10.340332098257157
cumul:Relocate+Or-opt,"relocate,oropt",RC102,RC,1,1606.4,15,14,10.22368601619322
cumul:Relocate+Or-opt+Swap,"relocate,oropt,swap",RC102,RC,1,1582.7,15,22,8.59750240153698
cumul:Relocate+Or-opt+Swap+2-opt,"relocate,oropt,swap,twoopt",RC102,RC,1,1582.7,15,23,8.59750240153698
cumul:Relocate+Or-opt+Swap+2-opt+Cross-exch.,"relocate,oropt,swap,twoopt,cross",RC102,RC,1,1544.1,15,38,5.9489501852614115
sem:Relocate,"oropt,swap,twoopt,cross",RC102,RC,1,1558.5,15,61,6.937011115685461
sem:Or-opt,"relocate,swap,twoopt,cross",RC102,RC,1,1544.1,15,28,5.9489501852614115
sem:Swap,"relocate,oropt,twoopt,cross",RC102,RC,1,1551.2,15,37,6.436119116234386
sem:2-opt,"relocate,oropt,swap,cross",RC102,RC,1,1544.1,15,38,5.9489501852614115
sem:Cross-exch.,"relocate,oropt,swap,twoopt",RC102,RC,1,1582.7,15,23,8.59750240153698
cumul:Relocate,relocate,RC103,RC,1,1420.0,12,6,12.87758346581876
cumul:Relocate+Or-opt,"relocate,oropt",RC103,RC,1,1416.4,12,11,12.591414944356128
cumul:Relocate+Or-opt+Swap,"relocate,oropt,swap",RC103,RC,1,1403.1,12,22,11.534181240063585
cumul:Relocate+Or-opt+Swap+2-opt,"relocate,oropt,swap,twoopt",RC103,RC,1,1403.1,12,22,11.534181240063585
cumul:Relocate+Or-opt+Swap+2-opt+Cross-exch.,"relocate,oropt,swap,twoopt,cross",RC103,RC,1,1403.1,12,25,11.534181240063585
sem:Relocate,"oropt,swap,twoopt,cross",RC103,RC,1,1398.9,12,46,11.200317965023855
sem:Or-opt,"relocate,swap,twoopt,cross",RC103,RC,1,1380.9,12,22,9.76947535771066
sem:Swap,"relocate,oropt,twoopt,cross",RC103,RC,1,1384.5,12,30,10.05564387917329
sem:2-opt,"relocate,oropt,swap,cross",RC103,RC,1,1403.1,12,25,11.534181240063585
sem:Cross-exch.,"relocate,oropt,swap,twoopt",RC103,RC,1,1403.1,12,22,11.534181240063585
cumul:Relocate,relocate,RC104,RC,1,1233.7,12,13,8.955223880597023
cumul:Relocate+Or-opt,"relocate,oropt",RC104,RC,1,1233.7,12,14,8.955223880597023
cumul:Relocate+Or-opt+Swap,"relocate,oropt,swap",RC104,RC,1,1230.3,12,19,8.65495010156319
cumul:Relocate+Or-opt+Swap+2-opt,"relocate,oropt,swap,twoopt",RC104,RC,1,1208.1,12,23,6.6943389561070346
cumul:Relocate+Or-opt+Swap+2-opt+Cross-exch.,"relocate,oropt,swap,twoopt,cross",RC104,RC,1,1203.8,12,30,6.314580941446614
sem:Relocate,"oropt,swap,twoopt,cross",RC104,RC,1,1225.8,12,52,8.257528923430186
sem:Or-opt,"relocate,swap,twoopt,cross",RC104,RC,1,1203.8,12,23,6.314580941446614
sem:Swap,"relocate,oropt,twoopt,cross",RC104,RC,1,1204.3,12,30,6.358738850128058
sem:2-opt,"relocate,oropt,swap,cross",RC104,RC,1,1225.0,12,31,8.18687626953988
sem:Cross-exch.,"relocate,oropt,swap,twoopt",RC104,RC,1,1208.1,12,23,6.6943389561070346
cumul:Relocate,relocate,RC105,RC,1,1694.7,16,5,11.957455242121952
cumul:Relocate+Or-opt,"relocate,oropt",RC105,RC,1,1688.8,16,9,11.56768183920195
cumul:Relocate+Or-opt+Swap,"relocate,oropt,swap",RC105,RC,1,1599.6,15,26,5.674836493360631
cumul:Relocate+Or-opt+Swap+2-opt,"relocate,oropt,swap,twoopt",RC105,RC,1,1599.6,15,26,5.674836493360631
cumul:Relocate+Or-opt+Swap+2-opt+Cross-exch.,"relocate,oropt,swap,twoopt,cross",RC105,RC,1,1599.6,15,28,5.674836493360631
sem:Relocate,"oropt,swap,twoopt,cross",RC105,RC,1,1694.1,16,40,11.917817268943638
sem:Or-opt,"relocate,swap,twoopt,cross",RC105,RC,1,1602.4,15,20,5.859813701526065
sem:Swap,"relocate,oropt,twoopt,cross",RC105,RC,1,1614.9,15,42,6.685604809407415
sem:2-opt,"relocate,oropt,swap,cross",RC105,RC,1,1599.6,15,28,5.674836493360631
sem:Cross-exch.,"relocate,oropt,swap,twoopt",RC105,RC,1,1599.6,15,26,5.674836493360631
cumul:Relocate,relocate,RC106,RC,1,1590.5,14,5,15.866540394842277
cumul:Relocate+Or-opt,"relocate,oropt",RC106,RC,1,1590.2,14,8,15.84468565600641
cumul:Relocate+Or-opt+Swap,"relocate,oropt,swap",RC106,RC,1,1543.3,14,18,12.428061484665252
cumul:Relocate+Or-opt+Swap+2-opt,"relocate,oropt,swap,twoopt",RC106,RC,1,1543.3,14,18,12.428061484665252
cumul:Relocate+Or-opt+Swap+2-opt+Cross-exch.,"relocate,oropt,swap,twoopt,cross",RC106,RC,1,1538.3,14,24,12.063815837400735
sem:Relocate,"oropt,swap,twoopt,cross",RC106,RC,1,1579.8,14,44,15.087054709696213
sem:Or-opt,"relocate,swap,twoopt,cross",RC106,RC,1,1538.6,14,14,12.085670576236604
sem:Swap,"relocate,oropt,twoopt,cross",RC106,RC,1,1517.2,14,34,10.526699205944489
sem:2-opt,"relocate,oropt,swap,cross",RC106,RC,1,1538.3,14,25,12.063815837400735
sem:Cross-exch.,"relocate,oropt,swap,twoopt",RC106,RC,1,1543.3,14,18,12.428061484665252
cumul:Relocate,relocate,RC107,RC,1,1419.4,13,10,17.51945686371917
cumul:Relocate+Or-opt,"relocate,oropt",RC107,RC,1,1363.8,13,22,12.916045702930951
cumul:Relocate+Or-opt+Swap,"relocate,oropt,swap",RC107,RC,1,1359.5,13,26,12.560026494452728
cumul:Relocate+Or-opt+Swap+2-opt,"relocate,oropt,swap,twoopt",RC107,RC,1,1359.5,13,26,12.560026494452728
cumul:Relocate+Or-opt+Swap+2-opt+Cross-exch.,"relocate,oropt,swap,twoopt,cross",RC107,RC,1,1330.3,13,38,10.14240768339129
sem:Relocate,"oropt,swap,twoopt,cross",RC107,RC,1,1454.7,13,50,20.442126179831106
sem:Or-opt,"relocate,swap,twoopt,cross",RC107,RC,1,1332.7,12,27,10.341116078821004
sem:Swap,"relocate,oropt,twoopt,cross",RC107,RC,1,1337.7,13,34,10.755091902632895
sem:2-opt,"relocate,oropt,swap,cross",RC107,RC,1,1330.3,13,39,10.14240768339129
sem:Cross-exch.,"relocate,oropt,swap,twoopt",RC107,RC,1,1359.5,13,26,12.560026494452728
cumul:Relocate,relocate,RC108,RC,1,1243.9,11,10,11.640639023514634
cumul:Relocate+Or-opt,"relocate,oropt",RC108,RC,1,1234.2,11,15,10.770059235325794
cumul:Relocate+Or-opt+Swap,"relocate,oropt,swap",RC108,RC,1,1183.3,11,26,6.201759109675095
cumul:Relocate+Or-opt+Swap+2-opt,"relocate,oropt,swap,twoopt",RC108,RC,1,1183.3,11,26,6.201759109675095
cumul:Relocate+Or-opt+Swap+2-opt+Cross-exch.,"relocate,oropt,swap,twoopt,cross",RC108,RC,1,1183.3,11,29,6.201759109675095
sem:Relocate,"oropt,swap,twoopt,cross",RC108,RC,1,1273.6,11,33,14.306228684257752
sem:Or-opt,"relocate,swap,twoopt,cross",RC108,RC,1,1183.3,11,21,6.201759109675095
sem:Swap,"relocate,oropt,twoopt,cross",RC108,RC,1,1188.5,11,23,6.668461676539216
sem:2-opt,"relocate,oropt,swap,cross",RC108,RC,1,1183.3,11,29,6.201759109675095
sem:Cross-exch.,"relocate,oropt,swap,twoopt",RC108,RC,1,1183.3,11,26,6.201759109675095
cumul:Relocate,relocate,RC201,RC,2,1572.5,5,19,24.623553653510864
cumul:Relocate+Or-opt,"relocate,oropt",RC201,RC,2,1541.1,5,30,22.135045173561576
cumul:Relocate+Or-opt+Swap,"relocate,oropt,swap",RC201,RC,2,1541.1,5,30,22.135045173561576
cumul:Relocate+Or-opt+Swap+2-opt,"relocate,oropt,swap,twoopt",RC201,RC,2,1541.1,5,30,22.135045173561576
cumul:Relocate+Or-opt+Swap+2-opt+Cross-exch.,"relocate,oropt,swap,twoopt,cross",RC201,RC,2,1541.1,5,34,22.135045173561576
sem:Relocate,"oropt,swap,twoopt,cross",RC201,RC,2,1648.1,5,56,30.614994452369626
sem:Or-opt,"relocate,swap,twoopt,cross",RC201,RC,2,1566.3,5,28,24.132192106514506
sem:Swap,"relocate,oropt,twoopt,cross",RC201,RC,2,1541.1,5,33,22.135045173561576
sem:2-opt,"relocate,oropt,swap,cross",RC201,RC,2,1541.1,5,33,22.135045173561576
sem:Cross-exch.,"relocate,oropt,swap,twoopt",RC201,RC,2,1541.1,5,31,22.135045173561576
cumul:Relocate,relocate,RC202,RC,2,1451.3,4,19,32.86642863682139
cumul:Relocate+Or-opt,"relocate,oropt",RC202,RC,2,1405.3,4,32,28.65513137416461
cumul:Relocate+Or-opt+Swap,"relocate,oropt,swap",RC202,RC,2,1405.3,4,32,28.65513137416461
cumul:Relocate+Or-opt+Swap+2-opt,"relocate,oropt,swap,twoopt",RC202,RC,2,1405.3,4,32,28.65513137416461
cumul:Relocate+Or-opt+Swap+2-opt+Cross-exch.,"relocate,oropt,swap,twoopt,cross",RC202,RC,2,1405.3,4,35,28.65513137416461
sem:Relocate,"oropt,swap,twoopt,cross",RC202,RC,2,1433.4,4,77,31.22768470200496
sem:Or-opt,"relocate,swap,twoopt,cross",RC202,RC,2,1428.9,4,32,30.815709969788536
sem:Swap,"relocate,oropt,twoopt,cross",RC202,RC,2,1405.3,4,35,28.65513137416461
sem:2-opt,"relocate,oropt,swap,cross",RC202,RC,2,1405.3,4,35,28.65513137416461
sem:Cross-exch.,"relocate,oropt,swap,twoopt",RC202,RC,2,1405.3,4,32,28.65513137416461
cumul:Relocate,relocate,RC203,RC,2,1178.5,4,32,27.584713651618486
cumul:Relocate+Or-opt,"relocate,oropt",RC203,RC,2,1159.3,4,41,25.506116704557748
cumul:Relocate+Or-opt+Swap,"relocate,oropt,swap",RC203,RC,2,1131.0,4,49,22.442351412796356
cumul:Relocate+Or-opt+Swap+2-opt,"relocate,oropt,swap,twoopt",RC203,RC,2,1119.5,4,58,21.197358449713104
cumul:Relocate+Or-opt+Swap+2-opt+Cross-exch.,"relocate,oropt,swap,twoopt,cross",RC203,RC,2,1119.5,4,60,21.197358449713104
sem:Relocate,"oropt,swap,twoopt,cross",RC203,RC,2,1165.3,4,99,26.155678250514224
sem:Or-opt,"relocate,swap,twoopt,cross",RC203,RC,2,1135.6,4,44,22.940348598029647
sem:Swap,"relocate,oropt,twoopt,cross",RC203,RC,2,1119.5,4,58,21.197358449713104
sem:2-opt,"relocate,oropt,swap,cross",RC203,RC,2,1131.0,4,52,22.442351412796356
sem:Cross-exch.,"relocate,oropt,swap,twoopt",RC203,RC,2,1119.5,4,58,21.197358449713104
cumul:Relocate,relocate,RC204,RC,2,1024.5,4,17,30.759412890874284
cumul:Relocate+Or-opt,"relocate,oropt",RC204,RC,2,913.1,4,50,16.541161455009576
cumul:Relocate+Or-opt+Swap,"relocate,oropt,swap",RC204,RC,2,913.1,4,50,16.541161455009576
cumul:Relocate+Or-opt+Swap+2-opt,"relocate,oropt,swap,twoopt",RC204,RC,2,913.1,4,51,16.541161455009576
cumul:Relocate+Or-opt+Swap+2-opt+Cross-exch.,"relocate,oropt,swap,twoopt,cross",RC204,RC,2,913.1,4,54,16.541161455009576
sem:Relocate,"oropt,swap,twoopt,cross",RC204,RC,2,922.4,4,83,17.728142948308868
sem:Or-opt,"relocate,swap,twoopt,cross",RC204,RC,2,972.8,4,36,24.160816847479254
sem:Swap,"relocate,oropt,twoopt,cross",RC204,RC,2,913.1,4,53,16.541161455009576
sem:2-opt,"relocate,oropt,swap,cross",RC204,RC,2,913.1,4,54,16.541161455009576
sem:Cross-exch.,"relocate,oropt,swap,twoopt",RC204,RC,2,913.1,4,51,16.541161455009576
cumul:Relocate,relocate,RC205,RC,2,1652.6,5,22,43.20623916811091
cumul:Relocate+Or-opt,"relocate,oropt",RC205,RC,2,1472.5,5,43,27.599653379549395
cumul:Relocate+Or-opt+Swap,"relocate,oropt,swap",RC205,RC,2,1461.9,5,46,26.681109185441947
cumul:Relocate+Or-opt+Swap+2-opt,"relocate,oropt,swap,twoopt",RC205,RC,2,1460.0,5,49,26.51646447140381
cumul:Relocate+Or-opt+Swap+2-opt+Cross-exch.,"relocate,oropt,swap,twoopt,cross",RC205,RC,2,1412.9,5,60,22.435008665511273
sem:Relocate,"oropt,swap,twoopt,cross",RC205,RC,2,1395.5,5,136,20.92720970537262
sem:Or-opt,"relocate,swap,twoopt,cross",RC205,RC,2,1481.0,5,47,28.336221837088388
sem:Swap,"relocate,oropt,twoopt,cross",RC205,RC,2,1421.0,5,60,23.1369150779896
sem:2-opt,"relocate,oropt,swap,cross",RC205,RC,2,1414.8,5,57,22.599653379549387
sem:Cross-exch.,"relocate,oropt,swap,twoopt",RC205,RC,2,1460.0,5,49,26.51646447140381
cumul:Relocate,relocate,RC206,RC,2,1333.8,4,21,26.895633146227766
cumul:Relocate+Or-opt,"relocate,oropt",RC206,RC,2,1307.8,4,34,24.422034059556662
cumul:Relocate+Or-opt+Swap,"relocate,oropt,swap",RC206,RC,2,1307.8,4,34,24.422034059556662
cumul:Relocate+Or-opt+Swap+2-opt,"relocate,oropt,swap,twoopt",RC206,RC,2,1299.3,4,39,23.613357435068032
cumul:Relocate+Or-opt+Swap+2-opt+Cross-exch.,"relocate,oropt,swap,twoopt,cross",RC206,RC,2,1218.2,4,58,15.897631053182396
sem:Relocate,"oropt,swap,twoopt,cross",RC206,RC,2,1251.5,4,75,19.065740652649616
sem:Or-opt,"relocate,swap,twoopt,cross",RC206,RC,2,1267.7,4,39,20.60698316049854
sem:Swap,"relocate,oropt,twoopt,cross",RC206,RC,2,1218.2,4,57,15.897631053182396
sem:2-opt,"relocate,oropt,swap,cross",RC206,RC,2,1226.7,4,52,16.706307677671024
sem:Cross-exch.,"relocate,oropt,swap,twoopt",RC206,RC,2,1299.3,4,39,23.613357435068032
cumul:Relocate,relocate,RC207,RC,2,1330.8,4,21,38.207498182573474
cumul:Relocate+Or-opt,"relocate,oropt",RC207,RC,2,1195.0,4,41,24.104268356007896
cumul:Relocate+Or-opt+Swap,"relocate,oropt,swap",RC207,RC,2,1195.0,4,42,24.104268356007896
cumul:Relocate+Or-opt+Swap+2-opt,"relocate,oropt,swap,twoopt",RC207,RC,2,1195.0,4,42,24.104268356007896
cumul:Relocate+Or-opt+Swap+2-opt+Cross-exch.,"relocate,oropt,swap,twoopt,cross",RC207,RC,2,1195.0,4,45,24.104268356007896
sem:Relocate,"oropt,swap,twoopt,cross",RC207,RC,2,1252.3,4,87,30.05504206044241
sem:Or-opt,"relocate,swap,twoopt,cross",RC207,RC,2,1205.7,4,40,25.215494859279268
sem:Swap,"relocate,oropt,twoopt,cross",RC207,RC,2,1195.0,4,44,24.104268356007896
sem:2-opt,"relocate,oropt,swap,cross",RC207,RC,2,1195.0,4,45,24.104268356007896
sem:Cross-exch.,"relocate,oropt,swap,twoopt",RC207,RC,2,1195.0,4,42,24.104268356007896
cumul:Relocate,relocate,RC208,RC,2,987.3,3,13,27.21298801700811
cumul:Relocate+Or-opt,"relocate,oropt",RC208,RC,2,949.8,3,27,22.3811364514882
cumul:Relocate+Or-opt+Swap,"relocate,oropt,swap",RC208,RC,2,949.8,3,28,22.3811364514882
cumul:Relocate+Or-opt+Swap+2-opt,"relocate,oropt,swap,twoopt",RC208,RC,2,949.8,3,28,22.3811364514882
cumul:Relocate+Or-opt+Swap+2-opt+Cross-exch.,"relocate,oropt,swap,twoopt,cross",RC208,RC,2,949.8,3,31,22.3811364514882
sem:Relocate,"oropt,swap,twoopt,cross",RC208,RC,2,993.9,3,70,28.06339389253961
sem:Or-opt,"relocate,swap,twoopt,cross",RC208,RC,2,937.4,3,28,20.78340420048962
sem:Swap,"relocate,oropt,twoopt,cross",RC208,RC,2,949.8,3,31,22.3811364514882
sem:2-opt,"relocate,oropt,swap,cross",RC208,RC,2,949.8,3,31,22.3811364514882
sem:Cross-exch.,"relocate,oropt,swap,twoopt",RC208,RC,2,949.8,3,28,22.3811364514882
