algorithm,instance,family,type,dist_mean,dist_best,dist_std,veh_mean,gap_mean,gap_best
grasp,C101,C,1,827.3,827.3,0.0,10.0,0.0,0.0
grasp,C102,C,1,827.3,827.3,0.0,10.0,0.0,0.0
grasp,C103,C,1,826.3,826.3,0.0,10.0,0.0,0.0
grasp,C104,C,1,822.9,822.9,0.0,10.0,0.0,0.0
grasp,C105,C,1,827.3,827.3,0.0,10.0,0.0,0.0
grasp,C106,C,1,827.3,827.3,0.0,10.0,0.0,0.0
grasp,C107,C,1,827.3,827.3,0.0,10.0,0.0,0.0
grasp,C108,C,1,827.3,827.3,0.0,10.0,0.0,0.0
grasp,C109,C,1,827.3,827.3,0.0,10.0,0.0,0.0
grasp,C201,C,2,589.1,589.1,0.0,3.0,0.0,0.0
grasp,C202,C,2,589.1,589.1,0.0,3.0,0.0,0.0
grasp,C203,C,2,591.1,588.7,4.047988005979239,3.0,0.40773333333333334,0.0
grasp,C204,C,2,608.84,591.4,5.743758231392539,3.0,3.5267,0.561
grasp,C205,C,2,586.4,586.4,0.0,3.0,0.0,0.0
grasp,C206,C,2,586.0,586.0,0.0,3.0,0.0,0.0
grasp,C207,C,2,585.8,585.8,0.0,3.0,0.0,0.0
grasp,C208,C,2,585.8,585.8,0.0,3.0,0.0,0.0
grasp,R101,R,1,1642.6866666666667,1639.9,1.6245388381880712,20.0,0.3045,0.134
grasp,R102,R,1,1473.8333333333333,1467.6,3.7056651255865534,18.233333333333334,0.4932,0.068
grasp,R103,R,1,1227.4633333333334,1218.0,3.9869168221981677,14.633333333333333,1.5523666666666667,0.769
grasp,R104,R,1,1005.5066666666667,987.9,7.81064407840611,11.266666666666667,3.5004666666666666,1.688
grasp,R105,R,1,1375.8366666666666,1362.5,6.736902149705919,15.433333333333334,1.5152333333333334,0.531
grasp,R106,R,1,1254.5466666666666,1243.4,4.749644874807115,13.066666666666666,1.6157666666666666,0.713
grasp,R107,R,1,1102.8633333333335,1083.8,7.079425426389911,11.8,3.594133333333333,1.803
grasp,R108,R,1,972.7866666666666,955.9,5.104611392776558,10.5,4.365066666666666,2.553
grasp,R109,R,1,1176.3466666666668,1159.3,7.054112683188911,13.0,2.567533333333333,1.081
grasp,R110,R,1,1115.98,1104.2,6.165163532243967,12.133333333333333,4.492533333333333,3.39
grasp,R111,R,1,1079.0800000000002,1055.5,8.932598185568834,11.9,2.8967666666666663,0.648
grasp,R112,R,1,994.8933333333333,977.5,6.793198085576846,10.466666666666667,4.8802,3.047
grasp,R201,R,2,1223.3133333333333,1209.3,7.698980377334076,5.033333333333333,7.0078000000000005,5.782
grasp,R202,R,2,1076.14,1053.1,8.837795012878232,5.0,4.520066666666667,2.282
grasp,R203,R,2,937.7433333333333,919.4,6.863078797064237,4.0,7.687666666666667,5.581
grasp,R204,R,2,759.6966666666667,749.5,4.43399744399263,3.033333333333333,3.8830666666666667,2.489
grasp,R205,R,2,1016.5833333333334,989.5,12.13092609062026,4.0,7.0313,4.18
grasp,R206,R,2,943.7166666666667,920.6,11.054007958836632,3.533333333333333,7.742500000000001,5.103
grasp,R207,R,2,844.1266666666667,822.1,12.913423471222753,3.0,6.313233333333333,3.539
grasp,R208,R,2,722.89,710.8,6.345856644435355,3.0,3.1226333333333334,1.398
grasp,R209,R,2,906.3033333333333,883.6,10.722984766325599,4.0,6.025233333333333,3.369
grasp,R210,R,2,954.15,929.3,10.762154315806908,4.0,5.9577333333333335,3.198
grasp,R211,R,2,811.0266666666666,784.2,10.689535112414372,3.0,8.6148,5.022
grasp,RC101,RC,1,1652.9366666666667,1643.6,4.393606901987853,16.833333333333332,2.0459,1.469
grasp,RC102,RC,1,1482.5866666666666,1474.9,3.208580450253212,14.866666666666667,1.7282666666666666,1.201
grasp,RC103,RC,1,1295.15,1275.0,9.271489483431415,11.666666666666666,2.9531666666666667,1.351
grasp,RC104,RC,1,1165.7633333333333,1149.9,6.660873057269397,10.833333333333334,2.9553333333333334,1.554
grasp,RC105,RC,1,1545.1966666666667,1532.4,6.717115726125374,15.533333333333333,2.0807333333333333,1.235
grasp,RC106,RC,1,1410.2533333333333,1388.5,9.046879185028725,13.5,2.7357333333333336,1.151
grasp,RC107,RC,1,1251.9233333333332,1220.4,13.316173296573131,12.433333333333334,3.6531000000000002,1.043
grasp,RC108,RC,1,1140.9733333333331,1114.2,11.056560958538808,11.033333333333333,2.402933333333333,0.0
grasp,RC201,RC,2,1378.7633333333333,1300.3,22.79763271638669,5.133333333333334,9.269566666666666,3.051
grasp,RC202,RC,2,1193.7066666666665,1144.1,21.726559835805894,5.0,9.283733333333334,4.742
grasp,RC203,RC,2,1015.49,976.1,18.099539906516565,4.0,9.937266666666666,5.673
grasp,RC204,RC,2,802.9833333333333,798.2,5.888450609006827,4.0,2.4867333333333335,1.876
grasp,RC205,RC,2,1267.9,1230.0,19.351574826764363,5.733333333333333,9.870033333333334,6.586
grasp,RC206,RC,2,1110.0600000000002,1090.4,8.860941025764012,4.1,5.609366666666667,3.739
grasp,RC207,RC,2,1026.1833333333334,1013.9,6.767981583355803,4.0,6.572133333333334,5.297
grasp,RC208,RC,2,879.2533333333333,843.2,13.544504760064196,3.0,13.2913,8.646
i1,C101,C,1,922.0,922.0,0.0,10.0,11.447,11.447
i1,C102,C,1,1039.7,1039.7,0.0,10.0,25.674,25.674
i1,C103,C,1,1221.7,1221.7,0.0,11.0,47.852,47.852
i1,C104,C,1,1148.2,1148.2,0.0,10.0,39.531,39.531
i1,C105,C,1,878.9,878.9,0.0,10.0,6.237,6.237
i1,C106,C,1,951.2,951.2,0.0,11.0,14.976,14.976
i1,C107,C,1,902.4,902.4,0.0,10.0,9.078,9.078
i1,C108,C,1,975.2,975.2,0.0,10.0,17.877,17.877
i1,C109,C,1,933.1,933.1,0.0,11.0,12.789,12.789
i1,C201,C,2,609.1,609.1,0.0,3.0,3.395,3.395
i1,C202,C,2,793.0,793.0,0.0,4.0,34.612,34.612
i1,C203,C,2,931.4,931.4,0.0,4.0,58.213,58.213
i1,C204,C,2,1138.4,1138.4,0.0,4.0,93.573,93.573
i1,C205,C,2,667.6,667.6,0.0,4.0,13.847,13.847
i1,C206,C,2,660.6,660.6,0.0,3.0,12.73,12.73
i1,C207,C,2,747.1,747.1,0.0,3.0,27.535,27.535
i1,C208,C,2,717.6,717.6,0.0,3.0,22.499,22.499
i1,R101,R,1,1867.1,1867.1,0.0,21.0,14.007,14.007
i1,R102,R,1,1711.0,1711.0,0.0,19.0,16.664,16.664
i1,R103,R,1,1550.0,1550.0,0.0,16.0,28.237,28.237
i1,R104,R,1,1267.5,1267.5,0.0,12.0,30.468,30.468
i1,R105,R,1,1593.4,1593.4,0.0,15.0,17.568,17.568
i1,R106,R,1,1446.6,1446.6,0.0,14.0,17.172,17.172
i1,R107,R,1,1354.1,1354.1,0.0,12.0,27.193,27.193
i1,R108,R,1,1226.0,1226.0,0.0,11.0,31.531,31.531
i1,R109,R,1,1457.8,1457.8,0.0,14.0,27.108,27.108
i1,R110,R,1,1339.0,1339.0,0.0,12.0,25.375,25.375
i1,R111,R,1,1276.6,1276.6,0.0,12.0,21.732,21.732
i1,R112,R,1,1188.1,1188.1,0.0,11.0,25.248,25.248
i1,R201,R,2,1805.3,1805.3,0.0,5.0,57.916,57.916
i1,R202,R,2,1585.0,1585.0,0.0,4.0,53.943,53.943
i1,R203,R,2,1534.3,1534.3,0.0,4.0,76.194,76.194
i1,R204,R,2,1155.2,1155.2,0.0,4.0,57.965,57.965
i1,R205,R,2,1403.3,1403.3,0.0,4.0,47.747,47.747
i1,R206,R,2,1303.5,1303.5,0.0,3.0,48.818,48.818
i1,R207,R,2,1169.9,1169.9,0.0,3.0,47.343,47.343
i1,R208,R,2,974.0,974.0,0.0,3.0,38.944,38.944
i1,R209,R,2,1322.5,1322.5,0.0,4.0,54.715,54.715
i1,R210,R,2,1404.0,1404.0,0.0,4.0,55.913,55.913
i1,R211,R,2,1013.4,1013.4,0.0,3.0,35.717,35.717
i1,RC101,RC,1,1920.4,1920.4,0.0,17.0,18.558,18.558
i1,RC102,RC,1,1813.3,1813.3,0.0,15.0,24.42,24.42
i1,RC103,RC,1,1544.5,1544.5,0.0,12.0,22.774,22.774
i1,RC104,RC,1,1380.6,1380.6,0.0,12.0,21.929,21.929
i1,RC105,RC,1,1838.0,1838.0,0.0,16.0,21.424,21.424
i1,RC106,RC,1,1726.5,1726.5,0.0,14.0,25.774,25.774
i1,RC107,RC,1,1587.4,1587.4,0.0,13.0,31.429,31.429
i1,RC108,RC,1,1368.2,1368.2,0.0,11.0,22.797,22.797
i1,RC201,RC,2,2025.4,2025.4,0.0,5.0,60.517,60.517
i1,RC202,RC,2,1783.8,1783.8,0.0,4.0,63.307,63.307
i1,RC203,RC,2,1528.8,1528.8,0.0,4.0,65.508,65.508
i1,RC204,RC,2,1254.4,1254.4,0.0,4.0,60.102,60.102
i1,RC205,RC,2,2179.4,2179.4,0.0,5.0,88.856,88.856
i1,RC206,RC,2,1743.1,1743.1,0.0,4.0,65.836,65.836
i1,RC207,RC,2,1565.7,1565.7,0.0,4.0,62.603,62.603
i1,RC208,RC,2,1155.9,1155.9,0.0,3.0,48.937,48.937
rgrasp,C101,C,1,827.3,827.3,0.0,10.0,0.0,0.0
rgrasp,C102,C,1,827.3,827.3,0.0,10.0,0.0,0.0
rgrasp,C103,C,1,826.3,826.3,0.0,10.0,0.0,0.0
rgrasp,C104,C,1,823.0033333333333,822.9,0.565979976088664,10.0,0.012566666666666667,0.0
rgrasp,C105,C,1,827.3,827.3,0.0,10.0,0.0,0.0
rgrasp,C106,C,1,827.3,827.3,0.0,10.0,0.0,0.0
rgrasp,C107,C,1,827.3,827.3,0.0,10.0,0.0,0.0
rgrasp,C108,C,1,827.3,827.3,0.0,10.0,0.0,0.0
rgrasp,C109,C,1,827.3,827.3,0.0,10.0,0.0,0.0
rgrasp,C201,C,2,589.1,589.1,0.0,3.0,0.0,0.0
rgrasp,C202,C,2,589.1,589.1,0.0,3.0,0.0,0.0
rgrasp,C203,C,2,594.7,588.7,4.3151697133684515,3.0,1.0193333333333332,0.0
rgrasp,C204,C,2,605.6233333333333,594.0,6.12280549474149,3.0,2.9796666666666667,1.003
rgrasp,C205,C,2,586.4,586.4,0.0,3.0,0.0,0.0
rgrasp,C206,C,2,586.0,586.0,0.0,3.0,0.0,0.0
rgrasp,C207,C,2,585.8,585.8,0.0,3.0,0.0,0.0
rgrasp,C208,C,2,585.8,585.8,0.0,3.0,0.0,0.0
rgrasp,R101,R,1,1641.3533333333332,1638.2,2.17251377255795,20.0,0.22319999999999998,0.031
rgrasp,R102,R,1,1470.05,1466.6,2.286655440473735,18.0,0.23516666666666666,0.0
rgrasp,R103,R,1,1228.31,1215.3,4.286253085999608,14.4,1.6223999999999998,0.546
rgrasp,R104,R,1,1006.1066666666667,998.2,5.25828956937544,11.433333333333334,3.5621666666666667,2.748
rgrasp,R105,R,1,1377.32,1368.0,5.981085128164013,15.533333333333333,1.6248,0.937
rgrasp,R106,R,1,1259.3600000000001,1242.9,5.6151027871575545,13.266666666666667,2.005533333333333,0.672
rgrasp,R107,R,1,1101.8933333333334,1086.3,5.532221187223779,11.966666666666667,3.5030666666666668,2.038
rgrasp,R108,R,1,970.6833333333333,953.1,5.5307967458294875,10.8,4.139366666666667,2.253
rgrasp,R109,R,1,1180.1666666666667,1169.2,6.284427021495742,13.2,2.9005,1.944
rgrasp,R110,R,1,1115.47,1096.1,7.110271831459137,12.266666666666667,4.4448,2.631
rgrasp,R111,R,1,1078.34,1059.5,7.253992955131902,12.033333333333333,2.8263333333333334,1.03
rgrasp,R112,R,1,991.7933333333333,979.4,6.477756813383256,10.7,4.5534,3.247
rgrasp,R201,R,2,1227.7233333333331,1210.1,10.69046250195692,5.066666666666666,7.3936,5.852
rgrasp,R202,R,2,1081.1966666666667,1069.4,6.104858626583808,5.0,5.0113,3.866
rgrasp,R203,R,2,933.1966666666667,907.1,8.869921405915964,4.033333333333333,7.1654333333333335,4.169
rgrasp,R204,R,2,760.59,750.9,5.4653359047476835,3.066666666666667,4.0052666666666665,2.68
rgrasp,R205,R,2,1013.4166666666666,981.1,12.708674293522934,4.0,6.6978333333333335,3.295
rgrasp,R206,R,2,940.9066666666666,919.4,9.648653053516147,3.8333333333333335,7.4217,4.966
rgrasp,R207,R,2,849.5466666666667,819.7,10.631921139965087,3.1,6.995833333333334,3.237
rgrasp,R208,R,2,724.8066666666667,713.3,5.784398358326993,3.0,3.3961333333333332,1.755
rgrasp,R209,R,2,905.4233333333334,893.8,6.55179277036044,4.0,5.922233333333334,4.562
rgrasp,R210,R,2,956.8,940.2,9.575579571907438,4.0,6.252,4.409
rgrasp,R211,R,2,805.4866666666666,784.3,11.526572997099823,3.0,7.8728,5.035
rgrasp,RC101,RC,1,1657.3733333333332,1644.6,4.923268702056016,16.866666666666667,2.319666666666667,1.531
rgrasp,RC102,RC,1,1485.8933333333334,1478.6,2.50735928313284,14.833333333333334,1.9551,1.455
rgrasp,RC103,RC,1,1306.1966666666667,1284.0,11.60016299925118,11.8,3.831233333333333,2.067
rgrasp,RC104,RC,1,1168.68,1153.8,6.589877294655872,10.9,3.2129333333333334,1.899
rgrasp,RC105,RC,1,1549.0066666666667,1521.2,9.47817577870099,15.9,2.3324333333333334,0.495
rgrasp,RC106,RC,1,1413.6899999999998,1396.8,6.014829375285132,13.5,2.9860666666666664,1.756
rgrasp,RC107,RC,1,1251.5433333333335,1222.0,12.564692823428926,12.266666666666667,3.6217333333333332,1.176
rgrasp,RC108,RC,1,1143.6666666666667,1119.8,8.328278926948721,11.066666666666666,2.6447,0.503
rgrasp,RC201,RC,2,1369.0333333333333,1329.9,18.073820528757796,5.633333333333334,8.498433333333333,5.397
rgrasp,RC202,RC,2,1189.05,1151.0,14.255640142135611,5.0,8.857366666666667,5.374
rgrasp,RC203,RC,2,996.09,961.7,15.711413597807802,4.2,7.8369333333333335,4.114
rgrasp,RC204,RC,2,812.1033333333332,798.2,10.745022370713166,4.0,3.6507666666666667,1.876
rgrasp,RC205,RC,2,1258.5266666666669,1236.8,14.691328273399325,5.966666666666667,9.0577,7.175
rgrasp,RC206,RC,2,1110.7233333333331,1086.5,11.880894060556281,4.333333333333333,5.6726,3.368
rgrasp,RC207,RC,2,1028.2633333333333,1015.2,9.590817567298213,4.133333333333334,6.7882,5.432
rgrasp,RC208,RC,2,873.0233333333333,820.3,19.39853679752823,3.566666666666667,12.488566666666665,5.695
tabu,C101,C,1,827.3,827.3,0.0,10.0,0.0,0.0
tabu,C102,C,1,827.3,827.3,0.0,10.0,0.0,0.0
tabu,C103,C,1,826.3,826.3,0.0,10.0,0.0,0.0
tabu,C104,C,1,824.6,824.6,0.0,10.0,0.207,0.207
tabu,C105,C,1,827.3,827.3,0.0,10.0,0.0,0.0
tabu,C106,C,1,827.3,827.3,0.0,10.0,0.0,0.0
tabu,C107,C,1,827.3,827.3,0.0,10.0,0.0,0.0
tabu,C108,C,1,827.3,827.3,0.0,10.0,0.0,0.0
tabu,C109,C,1,827.3,827.3,0.0,10.0,0.0,0.0
tabu,C201,C,2,589.1,589.1,0.0,3.0,0.0,0.0
tabu,C202,C,2,589.1,589.1,0.0,3.0,0.0,0.0
tabu,C203,C,2,588.7,588.7,0.0,3.0,0.0,0.0
tabu,C204,C,2,660.5,660.5,0.0,4.0,12.311,12.311
tabu,C205,C,2,586.4,586.4,0.0,3.0,0.0,0.0
tabu,C206,C,2,586.0,586.0,0.0,3.0,0.0,0.0
tabu,C207,C,2,585.8,585.8,0.0,3.0,0.0,0.0
tabu,C208,C,2,585.8,585.8,0.0,3.0,0.0,0.0
tabu,R101,R,1,1644.3,1644.3,0.0,20.0,0.403,0.403
tabu,R102,R,1,1480.3,1480.3,0.0,19.0,0.934,0.934
tabu,R103,R,1,1255.0,1255.0,0.0,16.0,3.831,3.831
tabu,R104,R,1,1008.4,1008.4,0.0,12.0,3.798,3.798
tabu,R105,R,1,1363.8,1363.8,0.0,15.0,0.627,0.627
tabu,R106,R,1,1268.5,1268.5,0.0,14.0,2.746,2.746
tabu,R107,R,1,1078.6,1078.6,0.0,12.0,1.315,1.315
tabu,R108,R,1,973.9,973.9,0.0,10.0,4.484,4.484
tabu,R109,R,1,1173.1,1173.1,0.0,13.0,2.284,2.284
tabu,R110,R,1,1117.4,1117.4,0.0,12.0,4.625,4.625
tabu,R111,R,1,1079.6,1079.6,0.0,12.0,2.947,2.947
tabu,R112,R,1,992.3,992.3,0.0,11.0,4.607,4.607
tabu,R201,R,2,1231.8,1231.8,0.0,5.0,7.75,7.75
tabu,R202,R,2,1109.8,1109.8,0.0,4.0,7.789,7.789
tabu,R203,R,2,952.2,952.2,0.0,4.0,9.348,9.348
tabu,R204,R,2,817.4,817.4,0.0,4.0,11.774,11.774
tabu,R205,R,2,1040.1,1040.1,0.0,4.0,9.507,9.507
tabu,R206,R,2,951.5,951.5,0.0,3.0,8.631,8.631
tabu,R207,R,2,839.0,839.0,0.0,3.0,5.668,5.668
tabu,R208,R,2,767.7,767.7,0.0,3.0,9.515,9.515
tabu,R209,R,2,937.5,937.5,0.0,4.0,9.675,9.675
tabu,R210,R,2,921.5,921.5,0.0,4.0,2.332,2.332
tabu,R211,R,2,813.6,813.6,0.0,3.0,8.959,8.959
tabu,RC101,RC,1,1663.3,1663.3,0.0,17.0,2.686,2.686
tabu,RC102,RC,1,1480.4,1480.4,0.0,15.0,1.578,1.578
tabu,RC103,RC,1,1305.1,1305.1,0.0,12.0,3.744,3.744
tabu,RC104,RC,1,1178.0,1178.0,0.0,12.0,4.036,4.036
tabu,RC105,RC,1,1514.9,1514.9,0.0,15.0,0.079,0.079
tabu,RC106,RC,1,1416.4,1416.4,0.0,14.0,3.184,3.184
tabu,RC107,RC,1,1255.5,1255.5,0.0,13.0,3.949,3.949
tabu,RC108,RC,1,1143.3,1143.3,0.0,11.0,2.612,2.612
tabu,RC201,RC,2,1505.1,1505.1,0.0,5.0,19.282,19.282
tabu,RC202,RC,2,1223.7,1223.7,0.0,4.0,12.03,12.03
tabu,RC203,RC,2,1016.9,1016.9,0.0,4.0,10.09,10.09
tabu,RC204,RC,2,825.7,825.7,0.0,4.0,5.386,5.386
tabu,RC205,RC,2,1327.7,1327.7,0.0,5.0,15.052,15.052
tabu,RC206,RC,2,1130.9,1130.9,0.0,4.0,7.592,7.592
tabu,RC207,RC,2,1034.6,1034.6,0.0,4.0,7.446,7.446
tabu,RC208,RC,2,915.4,915.4,0.0,3.0,17.949,17.949
vnd,C101,C,1,827.3,827.3,0.0,10.0,0.0,0.0
vnd,C102,C,1,841.1,841.1,0.0,10.0,1.668,1.668
vnd,C103,C,1,873.2,873.2,0.0,10.0,5.676,5.676
vnd,C104,C,1,898.2,898.2,0.0,10.0,9.151,9.151
vnd,C105,C,1,827.3,827.3,0.0,10.0,0.0,0.0
vnd,C106,C,1,827.3,827.3,0.0,10.0,0.0,0.0
vnd,C107,C,1,827.3,827.3,0.0,10.0,0.0,0.0
vnd,C108,C,1,827.3,827.3,0.0,10.0,0.0,0.0
vnd,C109,C,1,880.2,880.2,0.0,11.0,6.394,6.394
vnd,C201,C,2,589.1,589.1,0.0,3.0,0.0,0.0
vnd,C202,C,2,617.9,617.9,0.0,3.0,4.889,4.889
vnd,C203,C,2,622.2,622.2,0.0,4.0,5.691,5.691
vnd,C204,C,2,770.0,770.0,0.0,4.0,30.93,30.93
vnd,C205,C,2,606.8,606.8,0.0,3.0,3.479,3.479
vnd,C206,C,2,586.0,586.0,0.0,3.0,0.0,0.0
vnd,C207,C,2,585.8,585.8,0.0,3.0,0.0,0.0
vnd,C208,C,2,632.3,632.3,0.0,3.0,7.938,7.938
vnd,R101,R,1,1670.0,1670.0,0.0,21.0,1.972,1.972
vnd,R102,R,1,1509.5,1509.5,0.0,19.0,2.925,2.925
vnd,R103,R,1,1308.7,1308.7,0.0,16.0,8.273,8.273
vnd,R104,R,1,1048.4,1048.4,0.0,12.0,7.916,7.916
vnd,R105,R,1,1437.1,1437.1,0.0,15.0,6.036,6.036
vnd,R106,R,1,1301.5,1301.5,0.0,14.0,5.419,5.419
vnd,R107,R,1,1172.5,1172.5,0.0,12.0,10.135,10.135
vnd,R108,R,1,1121.2,1121.2,0.0,11.0,20.288,20.288
vnd,R109,R,1,1278.4,1278.4,0.0,14.0,11.466,11.466
vnd,R110,R,1,1196.2,1196.2,0.0,12.0,12.004,12.004
vnd,R111,R,1,1134.3,1134.3,0.0,12.0,8.162,8.162
vnd,R112,R,1,1051.9,1051.9,0.0,11.0,10.89,10.89
vnd,R201,R,2,1332.9,1332.9,0.0,5.0,16.594,16.594
vnd,R202,R,2,1160.7,1160.7,0.0,4.0,12.733,12.733
vnd,R203,R,2,1025.3,1025.3,0.0,4.0,17.742,17.742
vnd,R204,R,2,846.7,846.7,0.0,4.0,15.78,15.78
vnd,R205,R,2,1178.2,1178.2,0.0,4.0,24.047,24.047
vnd,R206,R,2,1076.7,1076.7,0.0,3.0,22.925,22.925
vnd,R207,R,2,940.7,940.7,0.0,3.0,18.476,18.476
vnd,R208,R,2,821.9,821.9,0.0,3.0,17.247,17.247
vnd,R209,R,2,954.6,954.6,0.0,4.0,11.675,11.675
vnd,R210,R,2,1093.5,1093.5,0.0,4.0,21.433,21.433
vnd,R211,R,2,929.0,929.0,0.0,3.0,24.414,24.414
vnd,RC101,RC,1,1691.1,1691.1,0.0,17.0,4.402,4.402
vnd,RC102,RC,1,1544.1,1544.1,0.0,15.0,5.949,5.949
vnd,RC103,RC,1,1403.1,1403.1,0.0,12.0,11.534,11.534
vnd,RC104,RC,1,1203.8,1203.8,0.0,12.0,6.315,6.315
vnd,RC105,RC,1,1599.6,1599.6,0.0,15.0,5.675,5.675
vnd,RC106,RC,1,1538.3,1538.3,0.0,14.0,12.064,12.064
vnd,RC107,RC,1,1330.3,1330.3,0.0,13.0,10.142,10.142
vnd,RC108,RC,1,1183.3,1183.3,0.0,11.0,6.202,6.202
vnd,RC201,RC,2,1541.1,1541.1,0.0,5.0,22.135,22.135
vnd,RC202,RC,2,1405.3,1405.3,0.0,4.0,28.655,28.655
vnd,RC203,RC,2,1119.5,1119.5,0.0,4.0,21.197,21.197
vnd,RC204,RC,2,913.1,913.1,0.0,4.0,16.541,16.541
vnd,RC205,RC,2,1412.9,1412.9,0.0,5.0,22.435,22.435
vnd,RC206,RC,2,1218.2,1218.2,0.0,4.0,15.898,15.898
vnd,RC207,RC,2,1195.0,1195.0,0.0,4.0,24.104,24.104
vnd,RC208,RC,2,949.8,949.8,0.0,3.0,22.381,22.381
