instance,set,dist_mode,mu,lambda,alpha1,alpha2,seed_rule,tiebreak,vehicles,schedule_time,distance,waiting_time,service_time,cpu_ms,feasible
C101,C1,trunc,1,1,1,0,far,0,10,9981.8000,922.0000,59.8000,9000.0000,0,1
C101,C1,trunc,1,1,1,0,deadline,0,10,9857.8000,851.4000,6.4000,9000.0000,0,1
C101,C1,trunc,1,2,1,0,far,0,10,9981.8000,922.0000,59.8000,9000.0000,0,1
C101,C1,trunc,1,2,1,0,deadline,0,15,11817.6000,1593.8000,1223.8000,9000.0000,0,1
C101,C1,trunc,1,1,0,1,far,0,12,10619.0000,1266.4000,352.6000,9000.0000,0,1
C101,C1,trunc,1,1,0,1,deadline,0,10,9870.9000,853.5000,17.4000,9000.0000,0,1
C101,C1,trunc,1,2,0,1,far,0,13,11423.1000,1344.1000,1079.0000,9000.0000,0,1
C101,C1,trunc,1,2,0,1,deadline,0,12,11156.3000,1355.6000,800.7000,9000.0000,0,1
C101,C1,double,1,1,1,0,far,0,10,9983.2218,923.7062,59.5156,9000.0000,0,1
C101,C1,double,1,1,1,0,deadline,0,10,9859.3426,852.9482,6.3944,9000.0000,0,1
C101,C1,double,1,2,1,0,far,0,10,9983.2218,923.7062,59.5156,9000.0000,0,1
C101,C1,double,1,2,1,0,deadline,0,15,11801.2318,1433.2725,1367.9593,9000.0000,0,1
C101,C1,double,1,1,0,1,far,0,12,10620.4783,1268.6154,351.8630,9000.0000,0,1
C101,C1,double,1,1,0,1,deadline,0,10,9872.2857,855.0654,17.2203,9000.0000,0,1
C101,C1,double,1,2,0,1,far,0,13,11424.4147,1346.4723,1077.9424,9000.0000,0,1
C101,C1,double,1,2,0,1,deadline,0,12,11157.2661,1357.6921,799.5740,9000.0000,0,1
C102,C1,trunc,1,1,1,0,far,0,11,11021.9000,1113.4000,908.5000,9000.0000,0,1
C102,C1,trunc,1,1,1,0,deadline,0,10,10360.4000,1004.8000,355.6000,9000.0000,0,1
C102,C1,trunc,1,2,1,0,far,0,10,10313.9000,1039.7000,274.2000,9000.0000,0,1
C102,C1,trunc,1,2,1,0,deadline,0,11,11788.9000,1592.9000,1196.0000,9000.0000,0,1
C102,C1,trunc,1,1,0,1,far,0,11,11045.4000,1712.4000,333.0000,9000.0000,0,1
C102,C1,trunc,1,1,0,1,deadline,0,11,11035.3000,1152.1000,883.2000,9000.0000,0,1
C102,C1,trunc,1,2,0,1,far,0,12,11128.1000,1736.3000,391.8000,9000.0000,0,1
C102,C1,trunc,1,2,0,1,deadline,0,11,11468.0000,1520.6000,947.4000,9000.0000,0,1
C102,C1,double,1,1,1,0,far,0,11,11023.3261,1115.4103,907.9158,9000.0000,0,1
C102,C1,double,1,1,1,0,deadline,0,10,10361.8508,1006.3839,355.4669,9000.0000,0,1
C102,C1,double,1,2,1,0,far,0,10,10236.8667,1029.4413,207.4254,9000.0000,0,1
C102,C1,double,1,2,1,0,deadline,0,11,11852.9298,1656.2583,1196.6715,9000.0000,0,1
C102,C1,double,1,1,0,1,far,0,12,11444.1103,1857.9423,586.1681,9000.0000,0,1
C102,C1,double,1,1,0,1,deadline,0,11,11036.6296,1153.7434,882.8862,9000.0000,0,1
C102,C1,double,1,2,0,1,far,0,12,11129.7382,1738.6654,391.0728,9000.0000,0,1
C102,C1,double,1,2,0,1,deadline,0,11,11469.1771,1522.8945,946.2825,9000.0000,0,1
C103,C1,trunc,1,1,1,0,far,0,11,11071.9000,1165.9000,906.0000,9000.0000,0,1
C103,C1,trunc,1,1,1,0,deadline,0,10,10898.6000,1059.3000,839.3000,9000.0000,0,1
C103,C1,trunc,1,2,1,0,far,0,11,11058.5000,1221.7000,836.8000,9000.0000,0,1
C103,C1,trunc,1,2,1,0,deadline,0,10,11607.2000,1652.5000,954.7000,9000.0000,0,1
C103,C1,trunc,1,1,0,1,far,0,12,11632.3000,1927.1000,705.2000,9000.0000,0,1
C103,C1,trunc,1,1,0,1,deadline,0,11,11059.9000,1176.8000,883.1000,9000.0000,0,1
C103,C1,trunc,1,2,0,1,far,0,11,11217.5000,1809.0000,408.5000,9000.0000,0,1
C103,C1,trunc,1,2,0,1,deadline,0,11,11557.6000,1662.5000,895.1000,9000.0000,0,1
C103,C1,double,1,1,1,0,far,0,11,11073.1956,1168.3378,904.8578,9000.0000,0,1
C103,C1,double,1,1,1,0,deadline,0,10,10900.0871,1061.2154,838.8717,9000.0000,0,1
C103,C1,double,1,2,1,0,far,0,11,11060.3974,1224.3850,836.0123,9000.0000,0,1
C103,C1,double,1,2,1,0,deadline,0,10,11577.4901,1491.2630,1086.2271,9000.0000,0,1
C103,C1,double,1,1,0,1,far,0,12,11455.5929,1867.5793,588.0136,9000.0000,0,1
C103,C1,double,1,1,0,1,deadline,0,11,11061.5785,1178.7375,882.8410,9000.0000,0,1
C103,C1,double,1,2,0,1,far,0,11,11219.2404,1811.8451,407.3952,9000.0000,0,1
C103,C1,double,1,2,0,1,deadline,0,11,11559.5987,1665.0207,894.5780,9000.0000,0,1
C104,C1,trunc,1,1,1,0,far,0,10,10425.6000,1145.6000,280.0000,9000.0000,0,1
C104,C1,trunc,1,1,1,0,deadline,0,10,11036.2000,1116.0000,920.2000,9000.0000,0,1
C104,C1,trunc,1,2,1,0,far,0,10,10379.6000,1148.2000,231.4000,9000.0000,0,1
C104,C1,trunc,1,2,1,0,deadline,0,10,11195.5000,1235.8000,959.7000,9000.0000,0,1
C104,C1,trunc,1,1,0,1,far,0,12,11392.9000,1453.0000,939.9000,9000.0000,0,1
C104,C1,trunc,1,1,0,1,deadline,0,11,11196.4000,1450.3000,746.1000,9000.0000,0,1
C104,C1,trunc,1,2,0,1,far,0,11,11105.4000,1379.6000,725.8000,9000.0000,0,1
C104,C1,trunc,1,2,0,1,deadline,0,11,11469.3000,1516.8000,952.5000,9000.0000,0,1
C104,C1,double,1,1,1,0,far,0,10,10427.3837,1147.8996,279.4841,9000.0000,0,1
C104,C1,double,1,1,1,0,deadline,0,10,11037.6352,1118.1263,919.5090,9000.0000,0,1
C104,C1,double,1,2,1,0,far,0,10,10381.4854,1150.5122,230.9732,9000.0000,0,1
C104,C1,double,1,2,1,0,deadline,0,10,11733.8478,1368.9385,1364.9093,9000.0000,0,1
C104,C1,double,1,1,0,1,far,0,12,11384.8339,1445.8225,939.0114,9000.0000,0,1
C104,C1,double,1,1,0,1,deadline,0,11,11197.1446,1451.3823,745.7623,9000.0000,0,1
C104,C1,double,1,2,0,1,far,0,11,11106.5578,1381.8794,724.6784,9000.0000,0,1
C104,C1,double,1,2,0,1,deadline,0,11,11457.2532,1505.4244,951.8288,9000.0000,0,1
C105,C1,trunc,1,1,1,0,far,0,10,9921.2000,877.0000,44.2000,9000.0000,0,1
C105,C1,trunc,1,1,1,0,deadline,0,10,9940.3000,868.0000,72.3000,9000.0000,0,1
C105,C1,trunc,1,2,1,0,far,0,10,9961.9000,878.9000,83.0000,9000.0000,0,1
C105,C1,trunc,1,2,1,0,deadline,0,12,10633.0000,1342.0000,291.0000,9000.0000,0,1
C105,C1,trunc,1,1,0,1,far,0,12,10763.0000,1215.7000,547.3000,9000.0000,0,1
C105,C1,trunc,1,1,0,1,deadline,0,10,9859.2000,859.2000,0.0000,9000.0000,0,1
C105,C1,trunc,1,2,0,1,far,0,12,10872.6000,1224.8000,647.8000,9000.0000,0,1
C105,C1,trunc,1,2,0,1,deadline,0,11,10599.2000,1284.9000,314.3000,9000.0000,0,1
C105,C1,double,1,1,1,0,far,0,10,9922.7194,878.7835,43.9359,9000.0000,0,1
C105,C1,double,1,1,1,0,deadline,0,10,9941.7102,869.4803,72.2299,9000.0000,0,1
C105,C1,double,1,2,1,0,far,0,10,9963.4419,880.7171,82.7248,9000.0000,0,1
C105,C1,double,1,2,1,0,deadline,0,12,10634.8641,1344.4326,290.4315,9000.0000,0,1
C105,C1,double,1,1,0,1,far,0,12,10765.0374,1218.1333,546.9041,9000.0000,0,1
C105,C1,double,1,1,0,1,deadline,0,10,9860.7687,860.7687,0.0000,9000.0000,0,1
C105,C1,double,1,2,0,1,far,0,12,10874.6361,1227.1917,647.4444,9000.0000,0,1
C105,C1,double,1,2,0,1,deadline,0,11,10601.1237,1286.8867,314.2369,9000.0000,0,1
C106,C1,trunc,1,1,1,0,far,0,11,10104.7000,949.9000,154.8000,9000.0000,0,1
C106,C1,trunc,1,1,1,0,deadline,0,10,9916.7000,908.2000,8.5000,9000.0000,0,1
C106,C1,trunc,1,2,1,0,far,0,11,10093.1000,951.2000,141.9000,9000.0000,0,1
C106,C1,trunc,1,2,1,0,deadline,0,12,10842.0000,1515.4000,326.6000,9000.0000,0,1
C106,C1,trunc,1,1,0,1,far,0,11,10756.1000,1238.3000,517.8000,9000.0000,0,1
C106,C1,trunc,1,1,0,1,deadline,0,10,9900.8000,900.8000,0.0000,9000.0000,0,1
C106,C1,trunc,1,2,0,1,far,0,11,10692.0000,1179.1000,512.9000,9000.0000,0,1
C106,C1,trunc,1,2,0,1,deadline,0,11,10953.5000,1432.8000,520.7000,9000.0000,0,1
C106,C1,double,1,1,1,0,far,0,11,10106.1836,951.8399,154.3437,9000.0000,0,1
C106,C1,double,1,1,1,0,deadline,0,10,9918.3195,909.8456,8.4739,9000.0000,0,1
C106,C1,double,1,2,1,0,far,0,11,10094.4086,952.9064,141.5022,9000.0000,0,1
C106,C1,double,1,2,1,0,deadline,0,12,10867.8648,1519.4618,348.4030,9000.0000,0,1
C106,C1,double,1,1,0,1,far,0,11,10435.3658,1253.5663,181.7995,9000.0000,0,1
C106,C1,double,1,1,0,1,deadline,0,10,9896.6746,896.6746,0.0000,9000.0000,0,1
C106,C1,double,1,2,0,1,far,0,12,10453.8933,1267.9463,185.9470,9000.0000,0,1
C106,C1,double,1,2,0,1,deadline,0,11,10949.1548,1429.1362,520.0186,9000.0000,0,1
C107,C1,trunc,1,1,1,0,far,0,10,9927.1000,926.9000,0.2000,9000.0000,0,1
C107,C1,trunc,1,1,1,0,deadline,0,10,10059.5000,1056.6000,2.9000,9000.0000,0,1
C107,C1,trunc,1,2,1,0,far,0,10,9904.3000,902.4000,1.9000,9000.0000,0,1
C107,C1,trunc,1,2,1,0,deadline,0,12,10623.8000,1537.5000,86.3000,9000.0000,0,1
C107,C1,trunc,1,1,0,1,far,0,11,10303.8000,1171.6000,132.2000,9000.0000,0,1
C107,C1,trunc,1,1,0,1,deadline,0,10,10056.7000,1056.7000,0.0000,9000.0000,0,1
C107,C1,trunc,1,2,0,1,far,0,11,10206.4000,1144.8000,61.6000,9000.0000,0,1
C107,C1,trunc,1,2,0,1,deadline,0,12,10589.5000,1387.7000,201.8000,9000.0000,0,1
C107,C1,double,1,1,1,0,far,0,10,9928.7431,928.7431,0.0000,9000.0000,0,1
C107,C1,double,1,1,1,0,deadline,0,10,10061.1479,1058.3129,2.8350,9000.0000,0,1
C107,C1,double,1,2,1,0,far,0,10,9905.6865,903.9095,1.7770,9000.0000,0,1
C107,C1,double,1,2,1,0,deadline,0,12,10488.1808,1392.1967,95.9840,9000.0000,0,1
C107,C1,double,1,1,0,1,far,0,11,10305.8286,1173.6869,132.1417,9000.0000,0,1
C107,C1,double,1,1,0,1,deadline,0,10,10056.8689,1056.8689,0.0000,9000.0000,0,1
C107,C1,double,1,2,0,1,far,0,11,10208.2847,1146.8660,61.4187,9000.0000,0,1
C107,C1,double,1,2,0,1,deadline,0,11,10519.2841,1383.5368,135.7473,9000.0000,0,1
C108,C1,trunc,1,1,1,0,far,0,10,9948.6000,944.3000,4.3000,9000.0000,0,1
C108,C1,trunc,1,1,1,0,deadline,0,11,10449.7000,1190.1000,259.6000,9000.0000,0,1
C108,C1,trunc,1,2,1,0,far,0,10,9979.5000,975.2000,4.3000,9000.0000,0,1
C108,C1,trunc,1,2,1,0,deadline,0,12,10839.9000,1591.2000,248.7000,9000.0000,0,1
C108,C1,trunc,1,1,0,1,far,0,11,10397.2000,1318.2000,79.0000,9000.0000,0,1
C108,C1,trunc,1,1,0,1,deadline,0,10,10073.1000,1073.1000,0.0000,9000.0000,0,1
C108,C1,trunc,1,2,0,1,far,0,11,10400.1000,1321.1000,79.0000,9000.0000,0,1
C108,C1,trunc,1,2,0,1,deadline,0,11,10664.7000,1492.5000,172.2000,9000.0000,0,1
C108,C1,double,1,1,1,0,far,0,10,9954.2939,950.0904,4.2034,9000.0000,0,1
C108,C1,double,1,1,1,0,deadline,0,11,10652.3331,1240.8790,411.4541,9000.0000,0,1
C108,C1,double,1,2,1,0,far,0,10,9981.0726,976.8692,4.2034,9000.0000,0,1
C108,C1,double,1,2,1,0,deadline,0,12,10847.6056,1595.0439,252.5617,9000.0000,0,1
C108,C1,double,1,1,0,1,far,0,11,10399.3418,1320.7940,78.5478,9000.0000,0,1
C108,C1,double,1,1,0,1,deadline,0,10,10066.5720,1066.5720,0.0000,9000.0000,0,1
C108,C1,double,1,2,0,1,far,0,11,10402.2826,1323.7348,78.5478,9000.0000,0,1
C108,C1,double,1,2,0,1,deadline,0,11,10752.0700,1615.0541,137.0159,9000.0000,0,1
C109,C1,trunc,1,1,1,0,far,0,10,9944.6000,939.8000,4.8000,9000.0000,0,1
C109,C1,trunc,1,1,1,0,deadline,0,11,10558.5000,1340.7000,217.8000,9000.0000,0,1
C109,C1,trunc,1,2,1,0,far,0,11,9938.7000,933.1000,5.6000,9000.0000,0,1
C109,C1,trunc,1,2,1,0,deadline,0,11,10825.0000,1653.2000,171.8000,9000.0000,0,1
C109,C1,trunc,1,1,0,1,far,0,10,10075.6000,1074.7000,0.9000,9000.0000,0,1
C109,C1,trunc,1,1,0,1,deadline,0,10,10326.6000,1325.7000,0.9000,9000.0000,0,1
C109,C1,trunc,1,2,0,1,far,0,11,10076.5000,1073.2000,3.3000,9000.0000,0,1
C109,C1,trunc,1,2,0,1,deadline,0,11,10637.6000,1633.0000,4.6000,9000.0000,0,1
C109,C1,double,1,1,1,0,far,0,10,9946.2981,941.7010,4.5971,9000.0000,0,1
C109,C1,double,1,1,1,0,deadline,0,11,10558.9145,1341.5045,217.4100,9000.0000,0,1
C109,C1,double,1,2,1,0,far,0,11,9940.6507,935.2759,5.3748,9000.0000,0,1
C109,C1,double,1,2,1,0,deadline,0,11,10808.7606,1693.3565,115.4041,9000.0000,0,1
C109,C1,double,1,1,0,1,far,0,10,10148.2569,1117.8724,30.3846,9000.0000,0,1
C109,C1,double,1,1,0,1,deadline,0,10,10336.8245,1335.9661,0.8584,9000.0000,0,1
C109,C1,double,1,2,0,1,far,0,11,10078.3430,1075.1662,3.1768,9000.0000,0,1
C109,C1,double,1,2,0,1,deadline,0,10,10603.9805,1599.4774,4.5030,9000.0000,0,1
C201,C2,trunc,1,1,1,0,far,0,3,9609.1000,609.1000,0.0000,9000.0000,0,1
C201,C2,trunc,1,1,1,0,deadline,0,3,9670.4000,639.7000,30.7000,9000.0000,0,1
C201,C2,trunc,1,2,1,0,far,0,3,9609.1000,609.1000,0.0000,9000.0000,0,1
C201,C2,trunc,1,2,1,0,deadline,0,3,9589.1000,589.1000,0.0000,9000.0000,0,1
C201,C2,trunc,1,1,0,1,far,0,5,12000.1000,1481.0000,1519.1000,9000.0000,0,1
C201,C2,trunc,1,1,0,1,deadline,0,3,9589.1000,589.1000,0.0000,9000.0000,0,1
C201,C2,trunc,1,2,0,1,far,0,5,11852.4000,1432.7000,1419.7000,9000.0000,0,1
C201,C2,trunc,1,2,0,1,deadline,0,3,9589.1000,589.1000,0.0000,9000.0000,0,1
C201,C2,double,1,1,1,0,far,0,3,9603.8793,603.8793,0.0000,9000.0000,0,1
C201,C2,double,1,1,1,0,deadline,0,3,9672.7819,642.2223,30.5596,9000.0000,0,1
C201,C2,double,1,2,1,0,far,0,3,9603.8793,603.8793,0.0000,9000.0000,0,1
C201,C2,double,1,2,1,0,deadline,0,3,9591.5566,591.5566,0.0000,9000.0000,0,1
C201,C2,double,1,1,0,1,far,0,5,11887.0642,1452.7938,1434.2703,9000.0000,0,1
C201,C2,double,1,1,0,1,deadline,0,3,9591.5566,591.5566,0.0000,9000.0000,0,1
C201,C2,double,1,2,0,1,far,0,5,11855.1759,1435.7721,1419.4038,9000.0000,0,1
C201,C2,double,1,2,0,1,deadline,0,3,9591.5566,591.5566,0.0000,9000.0000,0,1
C202,C2,trunc,1,1,1,0,far,0,4,11382.0000,806.3000,1575.7000,9000.0000,0,1
C202,C2,trunc,1,1,1,0,deadline,0,3,9976.3000,803.4000,172.9000,9000.0000,0,1
C202,C2,trunc,1,2,1,0,far,0,4,10089.0000,793.0000,296.0000,9000.0000,0,1
C202,C2,trunc,1,2,1,0,deadline,0,4,10149.0000,808.3000,340.7000,9000.0000,0,1
C202,C2,trunc,1,1,0,1,far,0,6,12190.2000,1956.0000,1234.2000,9000.0000,0,1
C202,C2,trunc,1,1,0,1,deadline,0,3,9982.1000,879.4000,102.7000,9000.0000,0,1
C202,C2,trunc,1,2,0,1,far,0,6,12211.4000,1921.6000,1289.8000,9000.0000,0,1
C202,C2,trunc,1,2,0,1,deadline,0,4,10304.2000,963.5000,340.7000,9000.0000,0,1
C202,C2,double,1,1,1,0,far,0,4,10021.2654,876.5126,144.7527,9000.0000,0,1
C202,C2,double,1,1,1,0,deadline,0,3,9977.4699,806.1830,171.2869,9000.0000,0,1
C202,C2,double,1,2,1,0,far,0,4,10089.7536,795.6083,294.1453,9000.0000,0,1
C202,C2,double,1,2,1,0,deadline,0,4,10032.9174,765.1637,267.7536,9000.0000,0,1
C202,C2,double,1,1,0,1,far,0,6,13050.4736,1935.7115,2114.7621,9000.0000,0,1
C202,C2,double,1,1,0,1,deadline,0,3,9980.4709,731.4947,248.9762,9000.0000,0,1
C202,C2,double,1,2,0,1,far,0,6,12213.0683,1925.0289,1288.0394,9000.0000,0,1
C202,C2,double,1,2,0,1,deadline,0,4,10218.7527,1042.2505,176.5022,9000.0000,0,1
C203,C2,trunc,1,1,1,0,far,0,4,9948.6000,743.0000,205.6000,9000.0000,0,1
C203,C2,trunc,1,1,1,0,deadline,0,4,12931.3000,954.9000,2976.4000,9000.0000,0,1
C203,C2,trunc,1,2,1,0,far,0,4,12921.2000,931.4000,2989.8000,9000.0000,0,1
C203,C2,trunc,1,2,1,0,deadline,0,4,12865.3000,906.6000,2958.7000,9000.0000,0,1
C203,C2,trunc,1,1,0,1,far,0,5,12965.8000,1938.0000,2027.8000,9000.0000,0,1
C203,C2,trunc,1,1,0,1,deadline,0,4,12697.4000,1124.5000,2572.9000,9000.0000,0,1
C203,C2,trunc,1,2,0,1,far,0,5,10925.0000,1880.7000,44.3000,9000.0000,0,1
C203,C2,trunc,1,2,0,1,deadline,0,4,11168.5000,1270.2000,898.3000,9000.0000,0,1
C203,C2,double,1,1,1,0,far,0,4,9947.9563,740.5961,207.3603,9000.0000,0,1
C203,C2,double,1,1,1,0,deadline,0,4,12933.3117,949.6108,2983.7009,9000.0000,0,1
C203,C2,double,1,2,1,0,far,0,4,12920.5167,934.9786,2985.5381,9000.0000,0,1
C203,C2,double,1,2,1,0,deadline,0,4,12861.4288,894.5355,2966.8933,9000.0000,0,1
C203,C2,double,1,1,0,1,far,0,5,13028.4324,1985.9251,2042.5073,9000.0000,0,1
C203,C2,double,1,1,0,1,deadline,0,4,12727.2351,1007.8988,2719.3363,9000.0000,0,1
C203,C2,double,1,2,0,1,far,0,5,10928.5642,1884.3852,44.1790,9000.0000,0,1
C203,C2,double,1,2,0,1,deadline,0,4,10817.9310,1064.8211,753.1099,9000.0000,0,1
C204,C2,trunc,1,1,1,0,far,0,4,10584.5000,1001.5000,583.0000,9000.0000,0,1
C204,C2,trunc,1,1,1,0,deadline,0,4,12939.6000,871.1000,3068.5000,9000.0000,0,1
C204,C2,trunc,1,2,1,0,far,0,4,10796.4000,1138.4000,658.0000,9000.0000,0,1
C204,C2,trunc,1,2,1,0,deadline,0,4,13278.8000,1173.3000,3105.5000,9000.0000,0,1
C204,C2,trunc,1,1,0,1,far,0,4,13196.4000,1844.6000,2351.8000,9000.0000,0,1
C204,C2,trunc,1,1,0,1,deadline,0,4,13154.3000,1334.0000,2820.3000,9000.0000,0,1
C204,C2,trunc,1,2,0,1,far,0,4,13167.7000,1828.5000,2339.2000,9000.0000,0,1
C204,C2,trunc,1,2,0,1,deadline,0,4,12016.8000,1382.6000,1634.2000,9000.0000,0,1
C204,C2,double,1,1,1,0,far,0,4,11417.1262,948.6094,1468.5168,9000.0000,0,1
C204,C2,double,1,1,1,0,deadline,0,4,12940.6760,868.5981,3072.0779,9000.0000,0,1
C204,C2,double,1,2,1,0,far,0,4,10756.2540,1134.0292,622.2248,9000.0000,0,1
C204,C2,double,1,2,1,0,deadline,0,4,10835.6216,1102.8523,732.7693,9000.0000,0,1
C204,C2,double,1,1,0,1,far,0,4,13005.9485,1911.7040,2094.2445,9000.0000,0,1
C204,C2,double,1,1,0,1,deadline,0,4,13156.2387,1337.0403,2819.1984,9000.0000,0,1
C204,C2,double,1,2,0,1,far,0,4,13044.8455,2038.0494,2006.7961,9000.0000,0,1
C204,C2,double,1,2,0,1,deadline,0,4,12730.3439,1393.1410,2337.2029,9000.0000,0,1
C205,C2,trunc,1,1,1,0,far,0,4,9750.9000,707.8000,43.1000,9000.0000,0,1
C205,C2,trunc,1,1,1,0,deadline,0,4,10453.5000,944.7000,508.8000,9000.0000,0,1
C205,C2,trunc,1,2,1,0,far,0,4,9715.0000,667.6000,47.4000,9000.0000,0,1
C205,C2,trunc,1,2,1,0,deadline,0,4,10349.2000,710.8000,638.4000,9000.0000,0,1
C205,C2,trunc,1,1,0,1,far,0,4,11691.1000,1436.4000,1254.7000,9000.0000,0,1
C205,C2,trunc,1,1,0,1,deadline,0,3,9728.0000,728.0000,0.0000,9000.0000,0,1
C205,C2,trunc,1,2,0,1,far,0,4,11792.8000,1400.8000,1392.0000,9000.0000,0,1
C205,C2,trunc,1,2,0,1,deadline,0,3,9613.2000,613.2000,0.0000,9000.0000,0,1
C205,C2,double,1,1,1,0,far,0,4,9753.5314,710.6376,42.8938,9000.0000,0,1
C205,C2,double,1,1,1,0,deadline,0,4,10578.4194,968.7325,609.6869,9000.0000,0,1
C205,C2,double,1,2,1,0,far,0,4,9716.6175,670.2694,46.3482,9000.0000,0,1
C205,C2,double,1,2,1,0,deadline,0,4,10351.6608,713.5405,638.1202,9000.0000,0,1
C205,C2,double,1,1,0,1,far,0,4,10640.6093,1451.3267,189.2825,9000.0000,0,1
C205,C2,double,1,1,0,1,deadline,0,3,9740.3078,740.3078,0.0000,9000.0000,0,1
C205,C2,double,1,2,0,1,far,0,4,11795.2716,1403.6607,1391.6109,9000.0000,0,1
C205,C2,double,1,2,0,1,deadline,0,3,9615.6803,615.6803,0.0000,9000.0000,0,1
C206,C2,trunc,1,1,1,0,far,0,4,9804.7000,700.6000,104.1000,9000.0000,0,1
C206,C2,trunc,1,1,1,0,deadline,0,4,12202.2000,1025.6000,2176.6000,9000.0000,0,1
C206,C2,trunc,1,2,1,0,far,0,3,9723.8000,660.6000,63.2000,9000.0000,0,1
C206,C2,trunc,1,2,1,0,deadline,0,4,10061.6000,876.4000,185.2000,9000.0000,0,1
C206,C2,trunc,1,1,0,1,far,0,4,10326.0000,1324.6000,1.4000,9000.0000,0,1
C206,C2,trunc,1,1,0,1,deadline,0,4,10484.2000,863.2000,621.0000,9000.0000,0,1
C206,C2,trunc,1,2,0,1,far,0,4,10330.9000,1329.5000,1.4000,9000.0000,0,1
C206,C2,trunc,1,2,0,1,deadline,0,3,9774.1000,715.7000,58.4000,9000.0000,0,1
C206,C2,double,1,1,1,0,far,0,4,9806.5489,703.4768,103.0721,9000.0000,0,1
C206,C2,double,1,1,1,0,deadline,0,4,12252.8136,961.9859,2290.8277,9000.0000,0,1
C206,C2,double,1,2,1,0,far,0,3,9726.0478,663.1924,62.8554,9000.0000,0,1
C206,C2,double,1,2,1,0,deadline,0,4,10063.4530,879.2502,184.2027,9000.0000,0,1
C206,C2,double,1,1,0,1,far,0,4,12026.8451,1381.5881,1645.2569,9000.0000,0,1
C206,C2,double,1,1,0,1,deadline,0,4,10486.3658,865.4655,620.9002,9000.0000,0,1
C206,C2,double,1,2,0,1,far,0,4,10333.6451,1332.2607,1.3845,9000.0000,0,1
C206,C2,double,1,2,0,1,deadline,0,3,9788.4155,730.6301,57.7854,9000.0000,0,1
C207,C2,trunc,1,1,1,0,far,0,3,9743.0000,684.3000,58.7000,9000.0000,0,1
C207,C2,trunc,1,1,1,0,deadline,0,3,9925.7000,751.1000,174.6000,9000.0000,0,1
C207,C2,trunc,1,2,1,0,far,0,3,9832.4000,747.1000,85.3000,9000.0000,0,1
C207,C2,trunc,1,2,1,0,deadline,0,3,9833.2000,691.7000,141.5000,9000.0000,0,1
C207,C2,trunc,1,1,0,1,far,0,5,11592.6000,1696.7000,895.9000,9000.0000,0,1
C207,C2,trunc,1,1,0,1,deadline,0,4,9878.9000,836.2000,42.7000,9000.0000,0,1
C207,C2,trunc,1,2,0,1,far,0,5,11798.1000,1780.1000,1018.0000,9000.0000,0,1
C207,C2,trunc,1,2,0,1,deadline,0,4,9713.3000,713.0000,0.3000,9000.0000,0,1
C207,C2,double,1,1,1,0,far,0,3,9745.2514,686.9770,58.2744,9000.0000,0,1
C207,C2,double,1,1,1,0,deadline,0,3,9927.9942,754.3907,173.6035,9000.0000,0,1
C207,C2,double,1,2,1,0,far,0,3,9833.8856,749.5676,84.3180,9000.0000,0,1
C207,C2,double,1,2,1,0,deadline,0,3,9834.3510,694.1626,140.1884,9000.0000,0,1
C207,C2,double,1,1,0,1,far,0,5,11592.8006,1697.2192,895.5814,9000.0000,0,1
C207,C2,double,1,1,0,1,deadline,0,4,9884.6135,841.9641,42.6494,9000.0000,0,1
C207,C2,double,1,2,0,1,far,0,5,11798.7676,1781.5333,1017.2342,9000.0000,0,1
C207,C2,double,1,2,0,1,deadline,0,4,9716.0567,715.7918,0.2649,9000.0000,0,1
C208,C2,trunc,1,1,1,0,far,0,3,9732.2000,686.4000,45.8000,9000.0000,0,1
C208,C2,trunc,1,1,1,0,deadline,0,4,10487.5000,980.5000,507.0000,9000.0000,0,1
C208,C2,trunc,1,2,1,0,far,0,3,9762.7000,717.6000,45.1000,9000.0000,0,1
C208,C2,trunc,1,2,1,0,deadline,0,4,11535.0000,932.8000,1602.2000,9000.0000,0,1
C208,C2,trunc,1,1,0,1,far,0,4,10331.9000,1331.9000,0.0000,9000.0000,0,1
C208,C2,trunc,1,1,0,1,deadline,0,3,9802.2000,802.2000,0.0000,9000.0000,0,1
C208,C2,trunc,1,2,0,1,far,0,4,10469.6000,1299.8000,169.8000,9000.0000,0,1
C208,C2,trunc,1,2,0,1,deadline,0,4,9887.6000,885.8000,1.8000,9000.0000,0,1
C208,C2,double,1,1,1,0,far,0,3,9734.8522,689.2128,45.6394,9000.0000,0,1
C208,C2,double,1,1,1,0,deadline,0,4,10488.9722,983.2424,505.7298,9000.0000,0,1
C208,C2,double,1,2,1,0,far,0,3,9764.8269,720.3620,44.4650,9000.0000,0,1
C208,C2,double,1,2,1,0,deadline,0,4,11532.6851,889.3207,1643.3643,9000.0000,0,1
C208,C2,double,1,1,0,1,far,0,4,10333.7196,1333.7196,0.0000,9000.0000,0,1
C208,C2,double,1,1,0,1,deadline,0,3,9979.2932,979.2932,0.0000,9000.0000,0,1
C208,C2,double,1,2,0,1,far,0,4,10471.9407,1302.6790,169.2616,9000.0000,0,1
C208,C2,double,1,2,0,1,deadline,0,4,9890.2725,888.7802,1.4924,9000.0000,0,1
R101,R1,trunc,1,1,1,0,far,0,20,3620.3000,1820.6000,799.7000,1000.0000,0,1
R101,R1,trunc,1,1,1,0,deadline,0,21,3834.9000,1979.8000,855.1000,1000.0000,0,1
R101,R1,trunc,1,2,1,0,far,0,21,3713.1000,1867.1000,846.0000,1000.0000,0,1
R101,R1,trunc,1,2,1,0,deadline,0,22,3870.5000,2039.9000,830.6000,1000.0000,0,1
R101,R1,trunc,1,1,0,1,far,0,23,4022.9000,2061.8000,961.1000,1000.0000,0,1
R101,R1,trunc,1,1,0,1,deadline,0,21,3811.1000,2010.1000,801.0000,1000.0000,0,1
R101,R1,trunc,1,2,0,1,far,0,21,3775.5000,2026.5000,749.0000,1000.0000,0,1
R101,R1,trunc,1,2,0,1,deadline,0,23,4020.5000,2170.1000,850.4000,1000.0000,0,1
R101,R1,double,1,1,1,0,far,0,20,3621.9511,1825.9314,796.0197,1000.0000,0,1
R101,R1,double,1,1,1,0,deadline,0,22,3950.8953,2039.2754,911.6199,1000.0000,0,1
R101,R1,double,1,2,1,0,far,0,21,3714.9262,1872.8034,842.1228,1000.0000,0,1
R101,R1,double,1,2,1,0,deadline,0,22,3872.0940,2045.1944,826.8997,1000.0000,0,1
R101,R1,double,1,1,0,1,far,0,23,3996.1657,2045.6989,950.4668,1000.0000,0,1
R101,R1,double,1,1,0,1,deadline,0,21,3812.4459,2015.2052,797.2408,1000.0000,0,1
R101,R1,double,1,2,0,1,far,0,21,3777.3312,2031.8386,745.4926,1000.0000,0,1
R101,R1,double,1,2,0,1,deadline,0,22,3862.3605,2072.4305,789.9300,1000.0000,0,1
R102,R1,trunc,1,1,1,0,far,0,19,3672.4000,1797.2000,875.2000,1000.0000,0,1
R102,R1,trunc,1,1,1,0,deadline,0,21,3742.4000,1908.9000,833.5000,1000.0000,0,1
R102,R1,trunc,1,2,1,0,far,0,19,3506.6000,1711.0000,795.6000,1000.0000,0,1
R102,R1,trunc,1,2,1,0,deadline,0,19,3628.8000,1859.1000,769.7000,1000.0000,0,1
R102,R1,trunc,1,1,0,1,far,0,21,3843.3000,2039.4000,803.9000,1000.0000,0,1
R102,R1,trunc,1,1,0,1,deadline,0,21,3778.5000,2040.9000,737.6000,1000.0000,0,1
R102,R1,trunc,1,2,0,1,far,0,19,3552.1000,1812.9000,739.2000,1000.0000,0,1
R102,R1,trunc,1,2,0,1,deadline,0,20,3683.1000,1882.4000,800.7000,1000.0000,0,1
R102,R1,double,1,1,1,0,far,0,19,3681.5945,1787.5497,894.0448,1000.0000,0,1
R102,R1,double,1,1,1,0,deadline,0,21,3850.4634,1901.2078,949.2556,1000.0000,0,1
R102,R1,double,1,2,1,0,far,0,19,3562.2607,1704.6990,857.5618,1000.0000,0,1
R102,R1,double,1,2,1,0,deadline,0,20,3742.6349,1894.6952,847.9397,1000.0000,0,1
R102,R1,double,1,1,0,1,far,0,21,3848.4501,2031.5097,816.9404,1000.0000,0,1
R102,R1,double,1,1,0,1,deadline,0,21,3780.9545,2045.9395,735.0151,1000.0000,0,1
R102,R1,double,1,2,0,1,far,0,19,3556.6977,1804.1695,752.5282,1000.0000,0,1
R102,R1,double,1,2,0,1,deadline,0,19,3550.1381,1843.4995,706.6386,1000.0000,0,1
R103,R1,trunc,1,1,1,0,far,0,16,3004.7000,1473.2000,531.5000,1000.0000,0,1
R103,R1,trunc,1,1,1,0,deadline,0,17,3289.0000,1637.1000,651.9000,1000.0000,0,1
R103,R1,trunc,1,2,1,0,far,0,16,3017.4000,1550.0000,467.4000,1000.0000,0,1
R103,R1,trunc,1,2,1,0,deadline,0,16,3205.8000,1605.2000,600.6000,1000.0000,0,1
R103,R1,trunc,1,1,0,1,far,0,18,3521.0000,1908.3000,612.7000,1000.0000,0,1
R103,R1,trunc,1,1,0,1,deadline,0,20,3656.7000,1826.7000,830.0000,1000.0000,0,1
R103,R1,trunc,1,2,0,1,far,0,15,3123.8000,1737.7000,386.1000,1000.0000,0,1
R103,R1,trunc,1,2,0,1,deadline,0,17,3403.0000,1660.6000,742.4000,1000.0000,0,1
R103,R1,double,1,1,1,0,far,0,16,3006.7663,1478.2828,528.4835,1000.0000,0,1
R103,R1,double,1,1,1,0,deadline,0,17,3291.6140,1642.1572,649.4568,1000.0000,0,1
R103,R1,double,1,2,1,0,far,0,16,3019.0171,1533.5394,485.4777,1000.0000,0,1
R103,R1,double,1,2,1,0,deadline,0,16,3181.4575,1546.9618,634.4957,1000.0000,0,1
R103,R1,double,1,1,0,1,far,0,18,3520.9912,1904.4671,616.5241,1000.0000,0,1
R103,R1,double,1,1,0,1,deadline,0,19,3585.4554,1872.7417,712.7136,1000.0000,0,1
R103,R1,double,1,2,0,1,far,0,15,3126.5181,1692.1469,434.3712,1000.0000,0,1
R103,R1,double,1,2,0,1,deadline,0,17,3408.4403,1678.8589,729.5814,1000.0000,0,1
R104,R1,trunc,1,1,1,0,far,0,12,2511.1000,1252.2000,258.9000,1000.0000,0,1
R104,R1,trunc,1,1,1,0,deadline,0,13,2790.4000,1538.3000,252.1000,1000.0000,0,1
R104,R1,trunc,1,2,1,0,far,0,12,2473.6000,1267.5000,206.1000,1000.0000,0,1
R104,R1,trunc,1,2,1,0,deadline,0,12,2622.6000,1322.0000,300.6000,1000.0000,0,1
R104,R1,trunc,1,1,0,1,far,0,12,2641.8000,1396.6000,245.2000,1000.0000,0,1
R104,R1,trunc,1,1,0,1,deadline,0,14,3038.6000,1648.5000,390.1000,1000.0000,0,1
R104,R1,trunc,1,2,0,1,far,0,13,2745.9000,1435.5000,310.4000,1000.0000,0,1
R104,R1,trunc,1,2,0,1,deadline,0,12,2581.6000,1390.8000,190.8000,1000.0000,0,1
R104,R1,double,1,1,1,0,far,0,13,2610.5953,1259.4921,351.1032,1000.0000,0,1
R104,R1,double,1,1,1,0,deadline,0,13,2685.5239,1520.7215,164.8024,1000.0000,0,1
R104,R1,double,1,2,1,0,far,0,12,2474.7799,1248.2042,226.5757,1000.0000,0,1
R104,R1,double,1,2,1,0,deadline,0,12,2610.4423,1336.1605,274.2819,1000.0000,0,1
R104,R1,double,1,1,0,1,far,0,12,2645.3911,1401.7009,243.6901,1000.0000,0,1
R104,R1,double,1,1,0,1,deadline,0,14,3048.3491,1659.1067,389.2424,1000.0000,0,1
R104,R1,double,1,2,0,1,far,0,13,2746.0125,1454.7859,291.2266,1000.0000,0,1
R104,R1,double,1,2,0,1,deadline,0,13,2899.4572,1532.0612,367.3959,1000.0000,0,1
R105,R1,trunc,1,1,1,0,far,0,16,2968.8000,1681.0000,287.8000,1000.0000,0,1
R105,R1,trunc,1,1,1,0,deadline,0,17,3164.5000,1819.3000,345.2000,1000.0000,0,1
R105,R1,trunc,1,2,1,0,far,0,15,2826.1000,1593.4000,232.7000,1000.0000,0,1
R105,R1,trunc,1,2,1,0,deadline,0,17,3176.0000,1771.7000,404.3000,1000.0000,0,1
R105,R1,trunc,1,1,0,1,far,0,15,2867.5000,1723.6000,143.9000,1000.0000,0,1
R105,R1,trunc,1,1,0,1,deadline,0,16,3077.4000,1798.3000,279.1000,1000.0000,0,1
R105,R1,trunc,1,2,0,1,far,0,15,2855.7000,1675.4000,180.3000,1000.0000,0,1
R105,R1,trunc,1,2,0,1,deadline,0,16,3008.2000,1707.0000,301.2000,1000.0000,0,1
R105,R1,double,1,1,1,0,far,0,16,2972.4092,1686.2007,286.2085,1000.0000,0,1
R105,R1,double,1,1,1,0,deadline,0,17,3095.5876,1774.4144,321.1732,1000.0000,0,1
R105,R1,double,1,2,1,0,far,0,15,2829.0851,1598.4000,230.6852,1000.0000,0,1
R105,R1,double,1,2,1,0,deadline,0,18,3287.7406,1861.3431,426.3975,1000.0000,0,1
R105,R1,double,1,1,0,1,far,0,15,2871.4463,1728.4511,142.9952,1000.0000,0,1
R105,R1,double,1,1,0,1,deadline,0,17,3147.3774,1845.5619,301.8155,1000.0000,0,1
R105,R1,double,1,2,0,1,far,0,15,2859.5436,1680.2903,179.2533,1000.0000,0,1
R105,R1,double,1,2,0,1,deadline,0,16,2988.2516,1689.8704,298.3812,1000.0000,0,1
R106,R1,trunc,1,1,1,0,far,0,14,2754.9000,1437.7000,317.2000,1000.0000,0,1
R106,R1,trunc,1,1,1,0,deadline,0,15,2856.8000,1495.1000,361.7000,1000.0000,0,1
R106,R1,trunc,1,2,1,0,far,0,14,2708.6000,1446.6000,262.0000,1000.0000,0,1
R106,R1,trunc,1,2,1,0,deadline,0,15,2913.0000,1639.3000,273.7000,1000.0000,0,1
R106,R1,trunc,1,1,0,1,far,0,13,2768.9000,1565.9000,203.0000,1000.0000,0,1
R106,R1,trunc,1,1,0,1,deadline,0,17,3138.2000,1805.5000,332.7000,1000.0000,0,1
R106,R1,trunc,1,2,0,1,far,0,14,2869.1000,1690.5000,178.6000,1000.0000,0,1
R106,R1,trunc,1,2,0,1,deadline,0,14,2811.2000,1621.3000,189.9000,1000.0000,0,1
R106,R1,double,1,1,1,0,far,0,14,2757.8585,1442.7245,315.1341,1000.0000,0,1
R106,R1,double,1,1,1,0,deadline,0,15,2937.9357,1572.9689,364.9668,1000.0000,0,1
R106,R1,double,1,2,1,0,far,0,14,2724.9981,1456.5914,268.4067,1000.0000,0,1
R106,R1,double,1,2,1,0,deadline,0,15,2950.9382,1627.4474,323.4908,1000.0000,0,1
R106,R1,double,1,1,0,1,far,0,13,2749.3941,1559.9876,189.4065,1000.0000,0,1
R106,R1,double,1,1,0,1,deadline,0,17,3171.7734,1832.1026,339.6708,1000.0000,0,1
R106,R1,double,1,2,0,1,far,0,14,2840.4029,1669.0617,171.3413,1000.0000,0,1
R106,R1,double,1,2,0,1,deadline,0,14,2801.1744,1619.9120,181.2624,1000.0000,0,1
R107,R1,trunc,1,1,1,0,far,0,12,2476.1000,1317.8000,158.3000,1000.0000,0,1
R107,R1,trunc,1,1,1,0,deadline,0,13,2690.3000,1448.0000,242.3000,1000.0000,0,1
R107,R1,trunc,1,2,1,0,far,0,12,2575.1000,1354.1000,221.0000,1000.0000,0,1
R107,R1,trunc,1,2,1,0,deadline,0,12,2597.0000,1393.1000,203.9000,1000.0000,0,1
R107,R1,trunc,1,1,0,1,far,0,12,2520.7000,1504.7000,16.0000,1000.0000,0,1
R107,R1,trunc,1,1,0,1,deadline,0,13,2671.4000,1497.1000,174.3000,1000.0000,0,1
R107,R1,trunc,1,2,0,1,far,0,12,2654.7000,1574.5000,80.2000,1000.0000,0,1
R107,R1,trunc,1,2,0,1,deadline,0,13,2713.5000,1509.8000,203.7000,1000.0000,0,1
R107,R1,double,1,1,1,0,far,0,12,2452.1424,1339.4141,112.7283,1000.0000,0,1
R107,R1,double,1,1,1,0,deadline,0,13,2661.1627,1407.9400,253.2228,1000.0000,0,1
R107,R1,double,1,2,1,0,far,0,12,2493.4941,1343.0279,150.4662,1000.0000,0,1
R107,R1,double,1,2,1,0,deadline,0,13,2794.7310,1516.5882,278.1428,1000.0000,0,1
R107,R1,double,1,1,0,1,far,0,12,2566.5000,1506.0534,60.4465,1000.0000,0,1
R107,R1,double,1,1,0,1,deadline,0,14,2785.8527,1579.7302,206.1225,1000.0000,0,1
R107,R1,double,1,2,0,1,far,0,12,2573.2517,1515.5116,57.7400,1000.0000,0,1
R107,R1,double,1,2,0,1,deadline,0,14,2876.6415,1562.1647,314.4767,1000.0000,0,1
R108,R1,trunc,1,1,1,0,far,0,11,2333.4000,1187.1000,146.3000,1000.0000,0,1
R108,R1,trunc,1,1,1,0,deadline,0,11,2358.2000,1307.8000,50.4000,1000.0000,0,1
R108,R1,trunc,1,2,1,0,far,0,11,2290.2000,1226.0000,64.2000,1000.0000,0,1
R108,R1,trunc,1,2,1,0,deadline,0,11,2466.5000,1392.6000,73.9000,1000.0000,0,1
R108,R1,trunc,1,1,0,1,far,0,11,2395.0000,1232.9000,162.1000,1000.0000,0,1
R108,R1,trunc,1,1,0,1,deadline,0,11,2426.0000,1420.0000,6.0000,1000.0000,0,1
R108,R1,trunc,1,2,0,1,far,0,11,2403.2000,1320.5000,82.7000,1000.0000,0,1
R108,R1,trunc,1,2,0,1,deadline,0,12,2581.1000,1516.8000,64.3000,1000.0000,0,1
R108,R1,double,1,1,1,0,far,0,11,2336.8357,1191.7006,145.1350,1000.0000,0,1
R108,R1,double,1,1,1,0,deadline,0,11,2361.9675,1301.8346,60.1329,1000.0000,0,1
R108,R1,double,1,2,1,0,far,0,11,2320.2767,1211.8266,108.4500,1000.0000,0,1
R108,R1,double,1,2,1,0,deadline,0,11,2386.5330,1378.3257,8.2073,1000.0000,0,1
R108,R1,double,1,1,0,1,far,0,11,2395.1779,1226.2509,168.9270,1000.0000,0,1
R108,R1,double,1,1,0,1,deadline,0,12,2596.9114,1497.3463,99.5650,1000.0000,0,1
R108,R1,double,1,2,0,1,far,0,11,2321.5080,1270.1500,51.3579,1000.0000,0,1
R108,R1,double,1,2,0,1,deadline,0,12,2642.6347,1554.4982,88.1364,1000.0000,0,1
R109,R1,trunc,1,1,1,0,far,0,13,2566.8000,1382.4000,184.4000,1000.0000,0,1
R109,R1,trunc,1,1,1,0,deadline,0,15,2953.8000,1745.1000,208.7000,1000.0000,0,1
R109,R1,trunc,1,2,1,0,far,0,14,2679.8000,1457.8000,222.0000,1000.0000,0,1
R109,R1,trunc,1,2,1,0,deadline,0,16,2938.6000,1755.4000,183.2000,1000.0000,0,1
R109,R1,trunc,1,1,0,1,far,0,13,2549.1000,1487.2000,61.9000,1000.0000,0,1
R109,R1,trunc,1,1,0,1,deadline,0,14,2856.2000,1783.4000,72.8000,1000.0000,0,1
R109,R1,trunc,1,2,0,1,far,0,14,2610.3000,1571.9000,38.4000,1000.0000,0,1
R109,R1,trunc,1,2,0,1,deadline,0,15,2974.7000,1811.9000,162.8000,1000.0000,0,1
R109,R1,double,1,1,1,0,far,0,14,2696.2041,1412.7924,283.4116,1000.0000,0,1
R109,R1,double,1,1,1,0,deadline,0,14,2830.0893,1691.8125,138.2768,1000.0000,0,1
R109,R1,double,1,2,1,0,far,0,14,2644.4454,1431.0031,213.4423,1000.0000,0,1
R109,R1,double,1,2,1,0,deadline,0,15,2928.1569,1689.9672,238.1898,1000.0000,0,1
R109,R1,double,1,1,0,1,far,0,14,2654.0964,1550.5313,103.5652,1000.0000,0,1
R109,R1,double,1,1,0,1,deadline,0,15,2916.5258,1853.0611,63.4647,1000.0000,0,1
R109,R1,double,1,2,0,1,far,0,14,2613.9905,1576.3849,37.6056,1000.0000,0,1
R109,R1,double,1,2,0,1,deadline,0,15,2964.6594,1818.6324,146.0270,1000.0000,0,1
R110,R1,trunc,1,1,1,0,far,0,12,2437.1000,1313.9000,123.2000,1000.0000,0,1
R110,R1,trunc,1,1,1,0,deadline,0,14,2848.8000,1555.6000,293.2000,1000.0000,0,1
R110,R1,trunc,1,2,1,0,far,0,12,2382.4000,1339.0000,43.4000,1000.0000,0,1
R110,R1,trunc,1,2,1,0,deadline,0,14,2907.9000,1775.0000,132.9000,1000.0000,0,1
R110,R1,trunc,1,1,0,1,far,0,13,2502.1000,1486.9000,15.2000,1000.0000,0,1
R110,R1,trunc,1,1,0,1,deadline,0,14,2757.6000,1636.9000,120.7000,1000.0000,0,1
R110,R1,trunc,1,2,0,1,far,0,13,2506.9000,1395.6000,111.3000,1000.0000,0,1
R110,R1,trunc,1,2,0,1,deadline,0,14,2814.1000,1708.9000,105.2000,1000.0000,0,1
R110,R1,double,1,1,1,0,far,0,13,2571.0545,1290.5537,280.5008,1000.0000,0,1
R110,R1,double,1,1,1,0,deadline,0,13,2725.8727,1520.0551,205.8176,1000.0000,0,1
R110,R1,double,1,2,1,0,far,0,12,2445.6504,1376.8810,68.7695,1000.0000,0,1
R110,R1,double,1,2,1,0,deadline,0,13,2674.1476,1579.1993,94.9483,1000.0000,0,1
R110,R1,double,1,1,0,1,far,0,13,2517.7824,1462.4082,55.3743,1000.0000,0,1
R110,R1,double,1,1,0,1,deadline,0,14,2728.0965,1628.9898,99.1067,1000.0000,0,1
R110,R1,double,1,2,0,1,far,0,13,2511.1834,1400.3738,110.8096,1000.0000,0,1
R110,R1,double,1,2,0,1,deadline,0,14,2903.5281,1735.8172,167.7108,1000.0000,0,1
R111,R1,trunc,1,1,1,0,far,0,13,2508.4000,1267.1000,241.3000,1000.0000,0,1
R111,R1,trunc,1,1,1,0,deadline,0,14,2796.5000,1581.0000,215.5000,1000.0000,0,1
R111,R1,trunc,1,2,1,0,far,0,12,2424.1000,1276.6000,147.5000,1000.0000,0,1
R111,R1,trunc,1,2,1,0,deadline,0,13,2707.2000,1430.5000,276.7000,1000.0000,0,1
R111,R1,trunc,1,1,0,1,far,0,13,2608.3000,1423.9000,184.4000,1000.0000,0,1
R111,R1,trunc,1,1,0,1,deadline,0,14,2790.3000,1583.2000,207.1000,1000.0000,0,1
R111,R1,trunc,1,2,0,1,far,0,12,2566.4000,1486.7000,79.7000,1000.0000,0,1
R111,R1,trunc,1,2,0,1,deadline,0,13,2678.6000,1515.3000,163.3000,1000.0000,0,1
R111,R1,double,1,1,1,0,far,0,13,2511.7134,1271.9241,239.7893,1000.0000,0,1
R111,R1,double,1,1,1,0,deadline,0,14,2814.6419,1579.0088,235.6331,1000.0000,0,1
R111,R1,double,1,2,1,0,far,0,12,2442.4097,1309.0426,133.3671,1000.0000,0,1
R111,R1,double,1,2,1,0,deadline,0,13,2657.4338,1408.9964,248.4374,1000.0000,0,1
R111,R1,double,1,1,0,1,far,0,13,2642.7039,1433.8018,208.9021,1000.0000,0,1
R111,R1,double,1,1,0,1,deadline,0,14,2817.0786,1607.5574,209.5211,1000.0000,0,1
R111,R1,double,1,2,0,1,far,0,12,2473.8223,1399.5522,74.2701,1000.0000,0,1
R111,R1,double,1,2,0,1,deadline,0,13,2685.7747,1528.4418,157.3329,1000.0000,0,1
R112,R1,trunc,1,1,1,0,far,0,11,2242.6000,1171.3000,71.3000,1000.0000,0,1
R112,R1,trunc,1,1,1,0,deadline,0,13,2657.2000,1480.3000,176.9000,1000.0000,0,1
R112,R1,trunc,1,2,1,0,far,0,11,2245.7000,1188.1000,57.6000,1000.0000,0,1
R112,R1,trunc,1,2,1,0,deadline,0,11,2395.6000,1342.9000,52.7000,1000.0000,0,1
R112,R1,trunc,1,1,0,1,far,0,11,2193.6000,1164.7000,28.9000,1000.0000,0,1
R112,R1,trunc,1,1,0,1,deadline,0,11,2382.6000,1375.7000,6.9000,1000.0000,0,1
R112,R1,trunc,1,2,0,1,far,0,11,2289.4000,1260.5000,28.9000,1000.0000,0,1
R112,R1,trunc,1,2,0,1,deadline,0,11,2343.8000,1340.5000,3.3000,1000.0000,0,1
R112,R1,double,1,1,1,0,far,0,11,2235.3706,1180.7016,54.6691,1000.0000,0,1
R112,R1,double,1,1,1,0,deadline,0,13,2679.7406,1519.9826,159.7580,1000.0000,0,1
R112,R1,double,1,2,1,0,far,0,11,2325.7231,1283.9382,41.7849,1000.0000,0,1
R112,R1,double,1,2,1,0,deadline,0,12,2546.1931,1500.0037,46.1894,1000.0000,0,1
R112,R1,double,1,1,0,1,far,0,11,2208.6813,1208.6813,0.0000,1000.0000,0,1
R112,R1,double,1,1,0,1,deadline,0,11,2280.9195,1276.1743,4.7452,1000.0000,0,1
R112,R1,double,1,2,0,1,far,0,11,2301.9965,1273.1769,28.8197,1000.0000,0,1
R112,R1,double,1,2,0,1,deadline,0,12,2451.8346,1405.0006,46.8339,1000.0000,0,1
R201,R2,trunc,1,1,1,0,far,0,5,3671.0000,1849.3000,821.7000,1000.0000,0,1
R201,R2,trunc,1,1,1,0,deadline,0,4,3346.1000,1777.7000,568.4000,1000.0000,0,1
R201,R2,trunc,1,2,1,0,far,0,5,3480.8000,1805.3000,675.5000,1000.0000,0,1
R201,R2,trunc,1,2,1,0,deadline,0,5,3680.8000,1812.8000,868.0000,1000.0000,0,1
R201,R2,trunc,1,1,0,1,far,0,5,3619.4000,1999.5000,619.9000,1000.0000,0,1
R201,R2,trunc,1,1,0,1,deadline,0,5,3678.3000,2120.4000,557.9000,1000.0000,0,1
R201,R2,trunc,1,2,0,1,far,0,5,3719.9000,1865.4000,854.5000,1000.0000,0,1
R201,R2,trunc,1,2,0,1,deadline,0,5,3441.6000,1888.2000,553.4000,1000.0000,0,1
R201,R2,double,1,1,1,0,far,0,5,3625.6858,1813.9408,811.7450,1000.0000,0,1
R201,R2,double,1,1,1,0,deadline,0,4,3347.0131,1782.0354,564.9778,1000.0000,0,1
R201,R2,double,1,2,1,0,far,0,5,3481.8528,1809.4850,672.3677,1000.0000,0,1
R201,R2,double,1,2,1,0,deadline,0,5,3682.3818,1817.0559,865.3258,1000.0000,0,1
R201,R2,double,1,1,0,1,far,0,4,3229.6722,1929.4340,300.2382,1000.0000,0,1
R201,R2,double,1,1,0,1,deadline,0,5,3520.9377,2017.1695,503.7682,1000.0000,0,1
R201,R2,double,1,2,0,1,far,0,4,3265.8199,1879.0814,386.7385,1000.0000,0,1
R201,R2,double,1,2,0,1,deadline,0,4,3099.3614,1817.6696,281.6918,1000.0000,0,1
R202,R2,trunc,1,1,1,0,far,0,4,3329.2000,1592.4000,736.8000,1000.0000,0,1
R202,R2,trunc,1,1,1,0,deadline,0,4,3329.1000,1700.0000,629.1000,1000.0000,0,1
R202,R2,trunc,1,2,1,0,far,0,4,3338.1000,1585.0000,753.1000,1000.0000,0,1
R202,R2,trunc,1,2,1,0,deadline,0,4,3354.4000,1572.0000,782.4000,1000.0000,0,1
R202,R2,trunc,1,1,0,1,far,0,4,3146.7000,1802.9000,343.8000,1000.0000,0,1
R202,R2,trunc,1,1,0,1,deadline,0,5,3634.6000,1874.0000,760.6000,1000.0000,0,1
R202,R2,trunc,1,2,0,1,far,0,5,3445.4000,1703.7000,741.7000,1000.0000,0,1
R202,R2,trunc,1,2,0,1,deadline,0,5,3588.6000,1769.5000,819.1000,1000.0000,0,1
R202,R2,double,1,1,1,0,far,0,4,3299.6998,1617.0068,682.6929,1000.0000,0,1
R202,R2,double,1,1,1,0,deadline,0,5,3646.2534,1689.9453,956.3081,1000.0000,0,1
R202,R2,double,1,2,1,0,far,0,4,3327.7301,1572.9276,754.8025,1000.0000,0,1
R202,R2,double,1,2,1,0,deadline,0,4,3235.4487,1563.8777,671.5710,1000.0000,0,1
R202,R2,double,1,1,0,1,far,0,5,3499.6466,1874.8036,624.8431,1000.0000,0,1
R202,R2,double,1,1,0,1,deadline,0,5,3763.5627,1780.8563,982.7065,1000.0000,0,1
R202,R2,double,1,2,0,1,far,0,4,3256.9613,1774.6439,482.3174,1000.0000,0,1
R202,R2,double,1,2,0,1,deadline,0,4,3104.5107,1611.5968,492.9138,1000.0000,0,1
R203,R2,trunc,1,1,1,0,far,0,4,3226.7000,1473.2000,753.5000,1000.0000,0,1
R203,R2,trunc,1,1,1,0,deadline,0,3,2808.5000,1574.2000,234.3000,1000.0000,0,1
R203,R2,trunc,1,2,1,0,far,0,4,3299.0000,1534.3000,764.7000,1000.0000,0,1
R203,R2,trunc,1,2,1,0,deadline,0,3,2865.8000,1489.0000,376.8000,1000.0000,0,1
R203,R2,trunc,1,1,0,1,far,0,4,2938.9000,1627.8000,311.1000,1000.0000,0,1
R203,R2,trunc,1,1,0,1,deadline,0,4,2767.7000,1497.9000,269.8000,1000.0000,0,1
R203,R2,trunc,1,2,0,1,far,0,4,3294.3000,1583.2000,711.1000,1000.0000,0,1
R203,R2,trunc,1,2,0,1,deadline,0,4,2878.4000,1431.2000,447.2000,1000.0000,0,1
R203,R2,double,1,1,1,0,far,0,4,3223.4533,1478.2551,745.1982,1000.0000,0,1
R203,R2,double,1,1,1,0,deadline,0,3,2811.3161,1578.4985,232.8176,1000.0000,0,1
R203,R2,double,1,2,1,0,far,0,4,3299.8521,1538.6470,761.2051,1000.0000,0,1
R203,R2,double,1,2,1,0,deadline,0,4,3294.1602,1488.1581,806.0021,1000.0000,0,1
R203,R2,double,1,1,0,1,far,0,4,3149.0395,1612.2621,536.7773,1000.0000,0,1
R203,R2,double,1,1,0,1,deadline,0,4,2969.4596,1539.9156,429.5440,1000.0000,0,1
R203,R2,double,1,2,0,1,far,0,4,3293.5622,1688.5275,605.0348,1000.0000,0,1
R203,R2,double,1,2,0,1,deadline,0,4,2832.7262,1461.8503,370.8759,1000.0000,0,1
R204,R2,trunc,1,1,1,0,far,0,3,2329.4000,1128.5000,200.9000,1000.0000,0,1
R204,R2,trunc,1,1,1,0,deadline,0,4,2696.8000,1290.1000,406.7000,1000.0000,0,1
R204,R2,trunc,1,2,1,0,far,0,4,3289.8000,1155.2000,1134.6000,1000.0000,0,1
R204,R2,trunc,1,2,1,0,deadline,0,3,2858.7000,1167.4000,691.3000,1000.0000,0,1
R204,R2,trunc,1,1,0,1,far,0,4,2880.9000,1323.4000,557.5000,1000.0000,0,1
R204,R2,trunc,1,1,0,1,deadline,0,3,2430.2000,1246.4000,183.8000,1000.0000,0,1
R204,R2,trunc,1,2,0,1,far,0,4,2846.7000,1267.4000,579.3000,1000.0000,0,1
R204,R2,trunc,1,2,0,1,deadline,0,3,2430.5000,1223.9000,206.6000,1000.0000,0,1
R204,R2,double,1,1,1,0,far,0,3,2349.8149,1110.0869,239.7280,1000.0000,0,1
R204,R2,double,1,1,1,0,deadline,0,4,2697.2237,1293.6118,403.6119,1000.0000,0,1
R204,R2,double,1,2,1,0,far,0,3,2840.1989,1153.4110,686.7879,1000.0000,0,1
R204,R2,double,1,2,1,0,deadline,0,3,2860.3240,1127.1637,733.1603,1000.0000,0,1
R204,R2,double,1,1,0,1,far,0,3,2356.0174,1232.5688,123.4486,1000.0000,0,1
R204,R2,double,1,1,0,1,deadline,0,3,2444.1521,1253.3174,190.8348,1000.0000,0,1
R204,R2,double,1,2,0,1,far,0,4,2859.0869,1324.4797,534.6073,1000.0000,0,1
R204,R2,double,1,2,0,1,deadline,0,4,2846.6264,1279.8842,566.7422,1000.0000,0,1
R205,R2,trunc,1,1,1,0,far,0,4,2953.2000,1444.2000,509.0000,1000.0000,0,1
R205,R2,trunc,1,1,1,0,deadline,0,4,2882.4000,1657.2000,225.2000,1000.0000,0,1
R205,R2,trunc,1,2,1,0,far,0,4,2749.7000,1403.3000,346.4000,1000.0000,0,1
R205,R2,trunc,1,2,1,0,deadline,0,4,2835.3000,1395.1000,440.2000,1000.0000,0,1
R205,R2,trunc,1,1,0,1,far,0,3,2607.3000,1596.9000,10.4000,1000.0000,0,1
R205,R2,trunc,1,1,0,1,deadline,0,3,2563.8000,1557.8000,6.0000,1000.0000,0,1
R205,R2,trunc,1,2,0,1,far,0,3,2503.4000,1481.8000,21.6000,1000.0000,0,1
R205,R2,trunc,1,2,0,1,deadline,0,3,2373.3000,1335.5000,37.8000,1000.0000,0,1
R205,R2,double,1,1,1,0,far,0,4,2962.3849,1455.8798,506.5051,1000.0000,0,1
R205,R2,double,1,1,1,0,deadline,0,4,3057.4196,1669.5154,387.9041,1000.0000,0,1
R205,R2,double,1,2,1,0,far,0,4,2772.0819,1386.1015,385.9805,1000.0000,0,1
R205,R2,double,1,2,1,0,deadline,0,4,2838.5988,1397.1961,441.4027,1000.0000,0,1
R205,R2,double,1,1,0,1,far,0,3,2633.6585,1623.6043,10.0542,1000.0000,0,1
R205,R2,double,1,1,0,1,deadline,0,3,2550.8335,1538.9340,11.8995,1000.0000,0,1
R205,R2,double,1,2,0,1,far,0,4,2775.8770,1613.2070,162.6700,1000.0000,0,1
R205,R2,double,1,2,0,1,deadline,0,3,2376.7890,1340.0413,36.7477,1000.0000,0,1
R206,R2,trunc,1,1,1,0,far,0,3,2695.7000,1380.8000,314.9000,1000.0000,0,1
R206,R2,trunc,1,1,1,0,deadline,0,4,2720.3000,1491.5000,228.8000,1000.0000,0,1
R206,R2,trunc,1,2,1,0,far,0,3,2574.3000,1303.5000,270.8000,1000.0000,0,1
R206,R2,trunc,1,2,1,0,deadline,0,4,2835.9000,1368.8000,467.1000,1000.0000,0,1
R206,R2,trunc,1,1,0,1,far,0,3,2579.8000,1461.5000,118.3000,1000.0000,0,1
R206,R2,trunc,1,1,0,1,deadline,0,3,2532.7000,1516.3000,16.4000,1000.0000,0,1
R206,R2,trunc,1,2,0,1,far,0,3,2625.3000,1443.4000,181.9000,1000.0000,0,1
R206,R2,trunc,1,2,0,1,deadline,0,3,2453.9000,1319.6000,134.3000,1000.0000,0,1
R206,R2,double,1,1,1,0,far,0,3,2696.9778,1385.2383,311.7395,1000.0000,0,1
R206,R2,double,1,1,1,0,deadline,0,4,2725.9305,1475.7641,250.1664,1000.0000,0,1
R206,R2,double,1,2,1,0,far,0,3,2576.1554,1307.6124,268.5430,1000.0000,0,1
R206,R2,double,1,2,1,0,deadline,0,3,2421.0394,1269.7795,151.2599,1000.0000,0,1
R206,R2,double,1,1,0,1,far,0,3,2482.9950,1459.5503,23.4448,1000.0000,0,1
R206,R2,double,1,1,0,1,deadline,0,4,2769.2717,1539.5875,229.6842,1000.0000,0,1
R206,R2,double,1,2,0,1,far,0,3,2607.9792,1498.2969,109.6824,1000.0000,0,1
R206,R2,double,1,2,0,1,deadline,0,3,2434.1616,1365.8735,68.2881,1000.0000,0,1
R207,R2,trunc,1,1,1,0,far,0,3,2735.9000,1192.8000,543.1000,1000.0000,0,1
R207,R2,trunc,1,1,1,0,deadline,0,4,2565.1000,1336.9000,228.2000,1000.0000,0,1
R207,R2,trunc,1,2,1,0,far,0,3,2374.5000,1169.9000,204.6000,1000.0000,0,1
R207,R2,trunc,1,2,1,0,deadline,0,3,2750.7000,1417.8000,332.9000,1000.0000,0,1
R207,R2,trunc,1,1,0,1,far,0,3,2348.7000,1272.0000,76.7000,1000.0000,0,1
R207,R2,trunc,1,1,0,1,deadline,0,3,2392.2000,1348.4000,43.8000,1000.0000,0,1
R207,R2,trunc,1,2,0,1,far,0,3,2377.3000,1284.1000,93.2000,1000.0000,0,1
R207,R2,trunc,1,2,0,1,deadline,0,3,2337.4000,1242.1000,95.3000,1000.0000,0,1
R207,R2,double,1,1,1,0,far,0,3,2635.0308,1200.2522,434.7785,1000.0000,0,1
R207,R2,double,1,1,1,0,deadline,0,3,2543.7517,1414.2981,129.4535,1000.0000,0,1
R207,R2,double,1,2,1,0,far,0,3,2640.4080,1137.9402,502.4678,1000.0000,0,1
R207,R2,double,1,2,1,0,deadline,0,3,2796.2745,1156.8706,639.4039,1000.0000,0,1
R207,R2,double,1,1,0,1,far,0,3,2664.2715,1390.3183,273.9533,1000.0000,0,1
R207,R2,double,1,1,0,1,deadline,0,3,2336.6555,1303.5365,33.1190,1000.0000,0,1
R207,R2,double,1,2,0,1,far,0,3,2365.0479,1276.9623,88.0856,1000.0000,0,1
R207,R2,double,1,2,0,1,deadline,0,3,2373.3772,1252.9514,120.4258,1000.0000,0,1
R208,R2,trunc,1,1,1,0,far,0,3,2329.9000,926.4000,403.5000,1000.0000,0,1
R208,R2,trunc,1,1,1,0,deadline,0,3,2375.3000,1059.0000,316.3000,1000.0000,0,1
R208,R2,trunc,1,2,1,0,far,0,3,2279.7000,974.0000,305.7000,1000.0000,0,1
R208,R2,trunc,1,2,1,0,deadline,0,3,2356.2000,1186.1000,170.1000,1000.0000,0,1
R208,R2,trunc,1,1,0,1,far,0,3,2234.7000,1062.0000,172.7000,1000.0000,0,1
R208,R2,trunc,1,1,0,1,deadline,0,3,2144.2000,1032.5000,111.7000,1000.0000,0,1
R208,R2,trunc,1,2,0,1,far,0,3,2308.6000,1094.7000,213.9000,1000.0000,0,1
R208,R2,trunc,1,2,0,1,deadline,0,3,2282.4000,1006.5000,275.9000,1000.0000,0,1
R208,R2,double,1,1,1,0,far,0,3,2331.3982,930.3727,401.0255,1000.0000,0,1
R208,R2,double,1,1,1,0,deadline,0,3,2335.5898,1182.5890,153.0008,1000.0000,0,1
R208,R2,double,1,2,1,0,far,0,3,2336.2530,1067.1133,269.1398,1000.0000,0,1
R208,R2,double,1,2,1,0,deadline,0,3,2259.6041,1055.1550,204.4492,1000.0000,0,1
R208,R2,double,1,1,0,1,far,0,3,2206.6779,935.8927,270.7852,1000.0000,0,1
R208,R2,double,1,1,0,1,deadline,0,3,2309.6234,1161.5182,148.1052,1000.0000,0,1
R208,R2,double,1,2,0,1,far,0,3,2250.4941,1066.9042,183.5898,1000.0000,0,1
R208,R2,double,1,2,0,1,deadline,0,3,2365.6883,1089.9043,275.7841,1000.0000,0,1
R209,R2,trunc,1,1,1,0,far,0,4,2829.6000,1256.9000,572.7000,1000.0000,0,1
R209,R2,trunc,1,1,1,0,deadline,0,4,2992.5000,1381.4000,611.1000,1000.0000,0,1
R209,R2,trunc,1,2,1,0,far,0,4,2953.3000,1322.5000,630.8000,1000.0000,0,1
R209,R2,trunc,1,2,1,0,deadline,0,4,2992.7000,1513.8000,478.9000,1000.0000,0,1
R209,R2,trunc,1,1,0,1,far,0,4,2514.9000,1398.0000,116.9000,1000.0000,0,1
R209,R2,trunc,1,1,0,1,deadline,0,4,2925.6000,1515.4000,410.2000,1000.0000,0,1
R209,R2,trunc,1,2,0,1,far,0,4,2554.9000,1483.9000,71.0000,1000.0000,0,1
R209,R2,trunc,1,2,0,1,deadline,0,3,2508.0000,1478.5000,29.5000,1000.0000,0,1
R209,R2,double,1,1,1,0,far,0,4,2925.9298,1358.1067,567.8230,1000.0000,0,1
R209,R2,double,1,1,1,0,deadline,0,4,2993.8893,1385.9489,607.9404,1000.0000,0,1
R209,R2,double,1,2,1,0,far,0,4,2941.5420,1277.9837,663.5583,1000.0000,0,1
R209,R2,double,1,2,1,0,deadline,0,4,2823.7687,1468.6077,355.1610,1000.0000,0,1
R209,R2,double,1,1,0,1,far,0,4,2517.6220,1401.7948,115.8271,1000.0000,0,1
R209,R2,double,1,1,0,1,deadline,0,4,2984.3647,1586.2176,398.1471,1000.0000,0,1
R209,R2,double,1,2,0,1,far,0,3,2463.6670,1428.7995,34.8675,1000.0000,0,1
R209,R2,double,1,2,0,1,deadline,0,3,2520.7018,1455.5907,65.1112,1000.0000,0,1
R210,R2,trunc,1,1,1,0,far,0,4,3136.5000,1332.1000,804.4000,1000.0000,0,1
R210,R2,trunc,1,1,1,0,deadline,0,4,3007.1000,1590.6000,416.5000,1000.0000,0,1
R210,R2,trunc,1,2,1,0,far,0,4,3094.8000,1404.0000,690.8000,1000.0000,0,1
R210,R2,trunc,1,2,1,0,deadline,0,4,3096.4000,1454.9000,641.5000,1000.0000,0,1
R210,R2,trunc,1,1,0,1,far,0,4,2837.8000,1598.6000,239.2000,1000.0000,0,1
R210,R2,trunc,1,1,0,1,deadline,0,4,3010.4000,1555.4000,455.0000,1000.0000,0,1
R210,R2,trunc,1,2,0,1,far,0,4,2940.6000,1463.9000,476.7000,1000.0000,0,1
R210,R2,trunc,1,2,0,1,deadline,0,4,2835.3000,1495.0000,340.3000,1000.0000,0,1
R210,R2,double,1,1,1,0,far,0,4,3137.7430,1336.4980,801.2450,1000.0000,0,1
R210,R2,double,1,1,1,0,deadline,0,4,3179.4844,1716.8264,462.6581,1000.0000,0,1
R210,R2,double,1,2,1,0,far,0,4,3096.0793,1408.1290,687.9503,1000.0000,0,1
R210,R2,double,1,2,1,0,deadline,0,4,3209.8889,1528.9677,680.9212,1000.0000,0,1
R210,R2,double,1,1,0,1,far,0,4,2893.1333,1632.9548,260.1785,1000.0000,0,1
R210,R2,double,1,1,0,1,deadline,0,3,2591.6705,1494.3571,97.3134,1000.0000,0,1
R210,R2,double,1,2,0,1,far,0,4,2943.3853,1468.2177,475.1676,1000.0000,0,1
R210,R2,double,1,2,0,1,deadline,0,4,2950.1600,1605.5710,344.5890,1000.0000,0,1
R211,R2,trunc,1,1,1,0,far,0,3,2444.1000,1127.1000,317.0000,1000.0000,0,1
R211,R2,trunc,1,1,1,0,deadline,0,3,2376.0000,1142.0000,234.0000,1000.0000,0,1
R211,R2,trunc,1,2,1,0,far,0,3,2167.5000,1013.4000,154.1000,1000.0000,0,1
R211,R2,trunc,1,2,1,0,deadline,0,3,2335.9000,1068.4000,267.5000,1000.0000,0,1
R211,R2,trunc,1,1,0,1,far,0,3,2320.6000,1314.7000,5.9000,1000.0000,0,1
R211,R2,trunc,1,1,0,1,deadline,0,3,2323.2000,1257.3000,65.9000,1000.0000,0,1
R211,R2,trunc,1,2,0,1,far,0,3,2243.5000,1243.5000,0.0000,1000.0000,0,1
R211,R2,trunc,1,2,0,1,deadline,0,3,2238.6000,1177.9000,60.7000,1000.0000,0,1
R211,R2,double,1,1,1,0,far,0,3,2362.5023,1130.1339,232.3684,1000.0000,0,1
R211,R2,double,1,1,1,0,deadline,0,3,2378.2135,1137.2238,240.9897,1000.0000,0,1
R211,R2,double,1,2,1,0,far,0,3,2169.6643,1017.4175,152.2468,1000.0000,0,1
R211,R2,double,1,2,1,0,deadline,0,3,2331.2088,1065.5436,265.6652,1000.0000,0,1
R211,R2,double,1,1,0,1,far,0,3,2317.9705,1269.7584,48.2121,1000.0000,0,1
R211,R2,double,1,1,0,1,deadline,0,3,2518.5338,1334.9119,183.6219,1000.0000,0,1
R211,R2,double,1,2,0,1,far,0,3,2270.0844,1270.0844,0.0000,1000.0000,0,1
R211,R2,double,1,2,0,1,deadline,0,3,2195.4827,1187.6177,7.8651,1000.0000,0,1
RC101,RC1,trunc,1,1,1,0,far,0,17,3376.5000,1962.1000,414.4000,1000.0000,0,1
RC101,RC1,trunc,1,1,1,0,deadline,0,17,3363.7000,1972.3000,391.4000,1000.0000,0,1
RC101,RC1,trunc,1,2,1,0,far,0,17,3310.1000,1920.4000,389.7000,1000.0000,0,1
RC101,RC1,trunc,1,2,1,0,deadline,0,17,3331.2000,1921.2000,410.0000,1000.0000,0,1
RC101,RC1,trunc,1,1,0,1,far,0,18,3486.9000,2098.6000,388.3000,1000.0000,0,1
RC101,RC1,trunc,1,1,0,1,deadline,0,17,3328.3000,2018.2000,310.1000,1000.0000,0,1
RC101,RC1,trunc,1,2,0,1,far,0,17,3290.1000,1957.0000,333.1000,1000.0000,0,1
RC101,RC1,trunc,1,2,0,1,deadline,0,18,3508.2000,2094.1000,414.1000,1000.0000,0,1
RC101,RC1,double,1,1,1,0,far,0,17,3337.1799,1924.9706,412.2093,1000.0000,0,1
RC101,RC1,double,1,1,1,0,deadline,0,17,3366.9402,1976.8846,390.0556,1000.0000,0,1
RC101,RC1,double,1,2,1,0,far,0,17,3312.4036,1925.7983,386.6053,1000.0000,0,1
RC101,RC1,double,1,2,1,0,deadline,0,21,3983.9178,2306.7241,677.1937,1000.0000,0,1
RC101,RC1,double,1,1,0,1,far,0,18,3484.2812,2153.4355,330.8457,1000.0000,0,1
RC101,RC1,double,1,1,0,1,deadline,0,17,3331.1847,2022.5684,308.6162,1000.0000,0,1
RC101,RC1,double,1,2,0,1,far,0,17,3268.0878,1883.3606,384.7272,1000.0000,0,1
RC101,RC1,double,1,2,0,1,deadline,0,18,3521.3435,2090.9753,430.3682,1000.0000,0,1
RC102,RC1,trunc,1,1,1,0,far,0,15,3015.9000,1627.5000,388.4000,1000.0000,0,1
RC102,RC1,trunc,1,1,1,0,deadline,0,16,3423.1000,2009.9000,413.2000,1000.0000,0,1
RC102,RC1,trunc,1,2,1,0,far,0,15,3130.1000,1813.3000,316.8000,1000.0000,0,1
RC102,RC1,trunc,1,2,1,0,deadline,0,16,3255.2000,1843.6000,411.6000,1000.0000,0,1
RC102,RC1,trunc,1,1,0,1,far,0,17,3344.9000,2053.6000,291.3000,1000.0000,0,1
RC102,RC1,trunc,1,1,0,1,deadline,0,15,3266.3000,1973.3000,293.0000,1000.0000,0,1
RC102,RC1,trunc,1,2,0,1,far,0,14,2996.8000,1791.2000,205.6000,1000.0000,0,1
RC102,RC1,trunc,1,2,0,1,deadline,0,17,3355.6000,1939.3000,416.3000,1000.0000,0,1
RC102,RC1,double,1,1,1,0,far,0,15,3018.1877,1631.6929,386.4948,1000.0000,0,1
RC102,RC1,double,1,1,1,0,deadline,0,16,3425.2637,2010.0947,415.1689,1000.0000,0,1
RC102,RC1,double,1,2,1,0,far,0,16,3244.0055,1898.4114,345.5941,1000.0000,0,1
RC102,RC1,double,1,2,1,0,deadline,0,17,3424.6119,2053.0412,371.5707,1000.0000,0,1
RC102,RC1,double,1,1,0,1,far,0,17,3424.1772,2141.9140,282.2632,1000.0000,0,1
RC102,RC1,double,1,1,0,1,deadline,0,18,3643.5914,2263.2814,380.3099,1000.0000,0,1
RC102,RC1,double,1,2,0,1,far,0,14,3025.7565,1827.8061,197.9504,1000.0000,0,1
RC102,RC1,double,1,2,0,1,deadline,0,17,3228.4158,1872.4290,355.9868,1000.0000,0,1
RC103,RC1,trunc,1,1,1,0,far,0,13,2877.0000,1546.9000,330.1000,1000.0000,0,1
RC103,RC1,trunc,1,1,1,0,deadline,0,14,3121.3000,1888.1000,233.2000,1000.0000,0,1
RC103,RC1,trunc,1,2,1,0,far,0,12,2732.1000,1544.5000,187.6000,1000.0000,0,1
RC103,RC1,trunc,1,2,1,0,deadline,0,13,2888.9000,1682.9000,206.0000,1000.0000,0,1
RC103,RC1,trunc,1,1,0,1,far,0,14,2895.9000,1664.6000,231.3000,1000.0000,0,1
RC103,RC1,trunc,1,1,0,1,deadline,0,14,3081.9000,1857.3000,224.6000,1000.0000,0,1
RC103,RC1,trunc,1,2,0,1,far,0,14,2904.9000,1724.9000,180.0000,1000.0000,0,1
RC103,RC1,trunc,1,2,0,1,deadline,0,14,3144.4000,1868.5000,275.9000,1000.0000,0,1
RC103,RC1,double,1,1,1,0,far,0,13,2910.3547,1549.6750,360.6796,1000.0000,0,1
RC103,RC1,double,1,1,1,0,deadline,0,14,3070.2605,1818.0160,252.2445,1000.0000,0,1
RC103,RC1,double,1,2,1,0,far,0,12,2734.2745,1545.3064,188.9681,1000.0000,0,1
RC103,RC1,double,1,2,1,0,deadline,0,14,2957.4639,1710.8465,246.6174,1000.0000,0,1
RC103,RC1,double,1,1,0,1,far,0,13,2724.0333,1608.0765,115.9568,1000.0000,0,1
RC103,RC1,double,1,1,0,1,deadline,0,15,3147.1685,1847.9793,299.1893,1000.0000,0,1
RC103,RC1,double,1,2,0,1,far,0,13,2873.5836,1811.2207,62.3629,1000.0000,0,1
RC103,RC1,double,1,2,0,1,deadline,0,14,3095.5195,1827.1759,268.3436,1000.0000,0,1
RC104,RC1,trunc,1,1,1,0,far,0,12,2504.4000,1333.7000,170.7000,1000.0000,0,1
RC104,RC1,trunc,1,1,1,0,deadline,0,12,2721.6000,1516.7000,204.9000,1000.0000,0,1
RC104,RC1,trunc,1,2,1,0,far,0,12,2549.1000,1380.6000,168.5000,1000.0000,0,1
RC104,RC1,trunc,1,2,1,0,deadline,0,11,2578.0000,1543.7000,34.3000,1000.0000,0,1
RC104,RC1,trunc,1,1,0,1,far,0,12,2433.8000,1380.5000,53.3000,1000.0000,0,1
RC104,RC1,trunc,1,1,0,1,deadline,0,12,2732.6000,1620.2000,112.4000,1000.0000,0,1
RC104,RC1,trunc,1,2,0,1,far,0,12,2516.6000,1458.4000,58.2000,1000.0000,0,1
RC104,RC1,trunc,1,2,0,1,deadline,0,12,2742.1000,1716.7000,25.4000,1000.0000,0,1
RC104,RC1,double,1,1,1,0,far,0,12,2506.7356,1336.8430,169.8926,1000.0000,0,1
RC104,RC1,double,1,1,1,0,deadline,0,12,2726.0259,1522.2503,203.7756,1000.0000,0,1
RC104,RC1,double,1,2,1,0,far,0,12,2534.7129,1372.1422,162.5707,1000.0000,0,1
RC104,RC1,double,1,2,1,0,deadline,0,12,2644.4377,1545.5553,98.8824,1000.0000,0,1
RC104,RC1,double,1,1,0,1,far,0,11,2407.1895,1350.2348,56.9547,1000.0000,0,1
RC104,RC1,double,1,1,0,1,deadline,0,13,2874.7916,1711.9707,162.8209,1000.0000,0,1
RC104,RC1,double,1,2,0,1,far,0,12,2518.9585,1457.2011,61.7573,1000.0000,0,1
RC104,RC1,double,1,2,0,1,deadline,0,12,2754.9975,1672.3431,82.6544,1000.0000,0,1
RC105,RC1,trunc,1,1,1,0,far,0,17,3297.3000,1793.2000,504.1000,1000.0000,0,1
RC105,RC1,trunc,1,1,1,0,deadline,0,18,3677.9000,2232.7000,445.2000,1000.0000,0,1
RC105,RC1,trunc,1,2,1,0,far,0,16,3134.6000,1838.0000,296.6000,1000.0000,0,1
RC105,RC1,trunc,1,2,1,0,deadline,0,17,3395.3000,1883.4000,511.9000,1000.0000,0,1
RC105,RC1,trunc,1,1,0,1,far,0,16,3129.2000,1845.0000,284.2000,1000.0000,0,1
RC105,RC1,trunc,1,1,0,1,deadline,0,20,3823.6000,2222.8000,600.8000,1000.0000,0,1
RC105,RC1,trunc,1,2,0,1,far,0,18,3431.1000,2028.6000,402.5000,1000.0000,0,1
RC105,RC1,trunc,1,2,0,1,deadline,0,17,3405.2000,2119.1000,286.1000,1000.0000,0,1
RC105,RC1,double,1,1,1,0,far,0,18,3538.0520,1961.6762,576.3758,1000.0000,0,1
RC105,RC1,double,1,1,1,0,deadline,0,18,3674.9725,2238.6071,436.3654,1000.0000,0,1
RC105,RC1,double,1,2,1,0,far,0,17,3318.2075,1858.6599,459.5476,1000.0000,0,1
RC105,RC1,double,1,2,1,0,deadline,0,17,3434.6510,1956.8963,477.7547,1000.0000,0,1
RC105,RC1,double,1,1,0,1,far,0,17,3247.1910,1927.8474,319.3436,1000.0000,0,1
RC105,RC1,double,1,1,0,1,deadline,0,17,3564.1181,2099.3487,464.7695,1000.0000,0,1
RC105,RC1,double,1,2,0,1,far,0,17,3216.3464,1878.6893,337.6570,1000.0000,0,1
RC105,RC1,double,1,2,0,1,deadline,0,18,3580.0035,2209.1620,370.8415,1000.0000,0,1
RC106,RC1,trunc,1,1,1,0,far,0,14,2851.5000,1615.3000,236.2000,1000.0000,0,1
RC106,RC1,trunc,1,1,1,0,deadline,0,14,3026.5000,1805.3000,221.2000,1000.0000,0,1
RC106,RC1,trunc,1,2,1,0,far,0,14,2880.5000,1726.5000,154.0000,1000.0000,0,1
RC106,RC1,trunc,1,2,1,0,deadline,0,15,2955.3000,1684.4000,270.9000,1000.0000,0,1
RC106,RC1,trunc,1,1,0,1,far,0,13,2742.2000,1671.5000,70.7000,1000.0000,0,1
RC106,RC1,trunc,1,1,0,1,deadline,0,16,3288.0000,2109.9000,178.1000,1000.0000,0,1
RC106,RC1,trunc,1,2,0,1,far,0,13,2659.4000,1593.9000,65.5000,1000.0000,0,1
RC106,RC1,trunc,1,2,0,1,deadline,0,15,3210.0000,2119.8000,90.2000,1000.0000,0,1
RC106,RC1,double,1,1,1,0,far,0,14,2854.5190,1619.3245,235.1945,1000.0000,0,1
RC106,RC1,double,1,1,1,0,deadline,0,14,3007.4324,1750.3121,257.1203,1000.0000,0,1
RC106,RC1,double,1,2,1,0,far,0,14,2883.4139,1730.5386,152.8752,1000.0000,0,1
RC106,RC1,double,1,2,1,0,deadline,0,16,3228.1987,1940.8307,287.3680,1000.0000,0,1
RC106,RC1,double,1,1,0,1,far,0,13,2742.3479,1674.1370,68.2109,1000.0000,0,1
RC106,RC1,double,1,1,0,1,deadline,0,15,3142.7466,2024.3262,118.4204,1000.0000,0,1
RC106,RC1,double,1,2,0,1,far,0,13,2668.2673,1603.4212,64.8461,1000.0000,0,1
RC106,RC1,double,1,2,0,1,deadline,0,15,3218.8707,2128.0663,90.8044,1000.0000,0,1
RC107,RC1,trunc,1,1,1,0,far,0,13,2682.5000,1431.9000,250.6000,1000.0000,0,1
RC107,RC1,trunc,1,1,1,0,deadline,0,14,2981.4000,1840.3000,141.1000,1000.0000,0,1
RC107,RC1,trunc,1,2,1,0,far,0,13,2726.0000,1587.4000,138.6000,1000.0000,0,1
RC107,RC1,trunc,1,2,1,0,deadline,0,15,3115.0000,1866.9000,248.1000,1000.0000,0,1
RC107,RC1,trunc,1,1,0,1,far,0,13,2680.0000,1628.6000,51.4000,1000.0000,0,1
RC107,RC1,trunc,1,1,0,1,deadline,0,14,2955.8000,1841.7000,114.1000,1000.0000,0,1
RC107,RC1,trunc,1,2,0,1,far,0,13,2763.8000,1682.6000,81.2000,1000.0000,0,1
RC107,RC1,trunc,1,2,0,1,deadline,0,14,2919.9000,1882.3000,37.6000,1000.0000,0,1
RC107,RC1,double,1,1,1,0,far,0,13,2685.6096,1435.9119,249.6977,1000.0000,0,1
RC107,RC1,double,1,1,1,0,deadline,0,15,3246.2950,1987.3972,258.8979,1000.0000,0,1
RC107,RC1,double,1,2,1,0,far,0,13,2722.8289,1577.0397,145.7892,1000.0000,0,1
RC107,RC1,double,1,2,1,0,deadline,0,15,3118.3699,1871.3715,246.9984,1000.0000,0,1
RC107,RC1,double,1,1,0,1,far,0,13,2700.4693,1643.2636,57.2058,1000.0000,0,1
RC107,RC1,double,1,1,0,1,deadline,0,13,2779.5898,1693.9914,85.5984,1000.0000,0,1
RC107,RC1,double,1,2,0,1,far,0,13,2843.1309,1773.0540,70.0769,1000.0000,0,1
RC107,RC1,double,1,2,0,1,deadline,0,14,2929.0291,1869.2506,59.7786,1000.0000,0,1
RC108,RC1,trunc,1,1,1,0,far,0,12,2434.6000,1326.2000,108.4000,1000.0000,0,1
RC108,RC1,trunc,1,1,1,0,deadline,0,12,2561.1000,1423.8000,137.3000,1000.0000,0,1
RC108,RC1,trunc,1,2,1,0,far,0,11,2424.7000,1368.2000,56.5000,1000.0000,0,1
RC108,RC1,trunc,1,2,1,0,deadline,0,13,2874.4000,1787.6000,86.8000,1000.0000,0,1
RC108,RC1,trunc,1,1,0,1,far,0,11,2361.2000,1354.3000,6.9000,1000.0000,0,1
RC108,RC1,trunc,1,1,0,1,deadline,0,14,2943.8000,1852.0000,91.8000,1000.0000,0,1
RC108,RC1,trunc,1,2,0,1,far,0,12,2510.6000,1466.4000,44.2000,1000.0000,0,1
RC108,RC1,trunc,1,2,0,1,deadline,0,13,2869.1000,1834.7000,34.4000,1000.0000,0,1
RC108,RC1,double,1,1,1,0,far,0,12,2437.5822,1329.5526,108.0297,1000.0000,0,1
RC108,RC1,double,1,1,1,0,deadline,0,11,2422.7455,1361.4903,61.2552,1000.0000,0,1
RC108,RC1,double,1,2,1,0,far,0,11,2449.0909,1371.7640,77.3269,1000.0000,0,1
RC108,RC1,double,1,2,1,0,deadline,0,13,2940.0904,1831.1493,108.9411,1000.0000,0,1
RC108,RC1,double,1,1,0,1,far,0,12,2437.4324,1393.9406,43.4917,1000.0000,0,1
RC108,RC1,double,1,1,0,1,deadline,0,12,2623.6470,1598.2401,25.4069,1000.0000,0,1
RC108,RC1,double,1,2,0,1,far,0,12,2516.0157,1467.0578,48.9579,1000.0000,0,1
RC108,RC1,double,1,2,0,1,deadline,0,14,3025.6992,1936.4249,89.2743,1000.0000,0,1
RC201,RC2,trunc,1,1,1,0,far,0,5,3586.7000,1972.4000,614.3000,1000.0000,0,1
RC201,RC2,trunc,1,1,1,0,deadline,0,5,4119.3000,2310.3000,809.0000,1000.0000,0,1
RC201,RC2,trunc,1,2,1,0,far,0,5,3730.4000,2025.4000,705.0000,1000.0000,0,1
RC201,RC2,trunc,1,2,1,0,deadline,0,5,3642.0000,1975.4000,666.6000,1000.0000,0,1
RC201,RC2,trunc,1,1,0,1,far,0,5,3643.0000,2336.2000,306.8000,1000.0000,0,1
RC201,RC2,trunc,1,1,0,1,deadline,0,5,3755.4000,2240.7000,514.7000,1000.0000,0,1
RC201,RC2,trunc,1,2,0,1,far,0,5,3847.2000,2580.6000,266.6000,1000.0000,0,1
RC201,RC2,trunc,1,2,0,1,deadline,0,5,3723.9000,2024.3000,699.6000,1000.0000,0,1
RC201,RC2,double,1,1,1,0,far,0,5,3587.5713,1976.1829,611.3884,1000.0000,0,1
RC201,RC2,double,1,1,1,0,deadline,0,5,4120.2419,2252.1824,868.0595,1000.0000,0,1
RC201,RC2,double,1,2,1,0,far,0,5,3733.2864,2077.6588,655.6276,1000.0000,0,1
RC201,RC2,double,1,2,1,0,deadline,0,5,3692.8057,2002.7789,690.0268,1000.0000,0,1
RC201,RC2,double,1,1,0,1,far,0,6,3951.2849,2432.2497,519.0352,1000.0000,0,1
RC201,RC2,double,1,1,0,1,deadline,0,5,3839.6422,2319.3094,520.3328,1000.0000,0,1
RC201,RC2,double,1,2,0,1,far,0,5,3848.5126,2584.7745,263.7381,1000.0000,0,1
RC201,RC2,double,1,2,0,1,deadline,0,5,3649.2165,2212.9895,436.2271,1000.0000,0,1
RC202,RC2,trunc,1,1,1,0,far,0,5,3945.3000,1945.7000,999.6000,1000.0000,0,1
RC202,RC2,trunc,1,1,1,0,deadline,0,5,3903.2000,2081.4000,821.8000,1000.0000,0,1
RC202,RC2,trunc,1,2,1,0,far,0,4,3375.2000,1783.8000,591.4000,1000.0000,0,1
RC202,RC2,trunc,1,2,1,0,deadline,0,4,3399.7000,1860.6000,539.1000,1000.0000,0,1
RC202,RC2,trunc,1,1,0,1,far,0,5,3830.2000,2235.8000,594.4000,1000.0000,0,1
RC202,RC2,trunc,1,1,0,1,deadline,0,4,3475.8000,2092.3000,383.5000,1000.0000,0,1
RC202,RC2,trunc,1,2,0,1,far,0,5,3800.1000,2280.3000,519.8000,1000.0000,0,1
RC202,RC2,trunc,1,2,0,1,deadline,0,4,3230.8000,2018.8000,212.0000,1000.0000,0,1
RC202,RC2,double,1,1,1,0,far,0,4,3541.5781,1921.4034,620.1747,1000.0000,0,1
RC202,RC2,double,1,1,1,0,deadline,0,5,3904.1903,2085.3303,818.8599,1000.0000,0,1
RC202,RC2,double,1,2,1,0,far,0,4,3371.2567,1811.7520,559.5047,1000.0000,0,1
RC202,RC2,double,1,2,1,0,deadline,0,4,3489.3433,2057.5329,431.8104,1000.0000,0,1
RC202,RC2,double,1,1,0,1,far,0,5,3845.3819,2259.5861,585.7958,1000.0000,0,1
RC202,RC2,double,1,1,0,1,deadline,0,4,3253.6211,1958.7645,294.8566,1000.0000,0,1
RC202,RC2,double,1,2,0,1,far,0,5,3568.9863,2289.8500,279.1363,1000.0000,0,1
RC202,RC2,double,1,2,0,1,deadline,0,4,3149.3708,1926.8423,222.5285,1000.0000,0,1
RC203,RC2,trunc,1,1,1,0,far,0,4,3231.0000,1626.5000,604.5000,1000.0000,0,1
RC203,RC2,trunc,1,1,1,0,deadline,0,4,3257.2000,1613.8000,643.4000,1000.0000,0,1
RC203,RC2,trunc,1,2,1,0,far,0,4,3052.8000,1528.8000,524.0000,1000.0000,0,1
RC203,RC2,trunc,1,2,1,0,deadline,0,4,3177.0000,1653.4000,523.6000,1000.0000,0,1
RC203,RC2,trunc,1,1,0,1,far,0,4,3030.3000,1749.7000,280.6000,1000.0000,0,1
RC203,RC2,trunc,1,1,0,1,deadline,0,4,3149.7000,1760.7000,389.0000,1000.0000,0,1
RC203,RC2,trunc,1,2,0,1,far,0,4,3187.4000,1662.3000,525.1000,1000.0000,0,1
RC203,RC2,trunc,1,2,0,1,deadline,0,4,3183.1000,1822.2000,360.9000,1000.0000,0,1
RC203,RC2,double,1,1,1,0,far,0,4,3233.2649,1630.3010,602.9638,1000.0000,0,1
RC203,RC2,double,1,1,1,0,deadline,0,4,3264.1700,1634.6502,629.5198,1000.0000,0,1
RC203,RC2,double,1,2,1,0,far,0,4,3054.1498,1534.8921,519.2577,1000.0000,0,1
RC203,RC2,double,1,2,1,0,deadline,0,4,2932.5578,1658.0989,274.4589,1000.0000,0,1
RC203,RC2,double,1,1,0,1,far,0,4,3139.7679,1820.5570,319.2109,1000.0000,0,1
RC203,RC2,double,1,1,0,1,deadline,0,4,3298.9450,2001.6686,297.2764,1000.0000,0,1
RC203,RC2,double,1,2,0,1,far,0,4,3102.8736,1726.8801,375.9935,1000.0000,0,1
RC203,RC2,double,1,2,0,1,deadline,0,4,3047.5106,1826.8955,220.6151,1000.0000,0,1
RC204,RC2,trunc,1,1,1,0,far,0,4,2743.1000,1284.7000,458.4000,1000.0000,0,1
RC204,RC2,trunc,1,1,1,0,deadline,0,3,2752.4000,1288.3000,464.1000,1000.0000,0,1
RC204,RC2,trunc,1,2,1,0,far,0,4,2827.5000,1254.4000,573.1000,1000.0000,0,1
RC204,RC2,trunc,1,2,1,0,deadline,0,3,2748.4000,1301.3000,447.1000,1000.0000,0,1
RC204,RC2,trunc,1,1,0,1,far,0,4,2994.0000,1450.4000,543.6000,1000.0000,0,1
RC204,RC2,trunc,1,1,0,1,deadline,0,3,2801.0000,1341.7000,459.3000,1000.0000,0,1
RC204,RC2,trunc,1,2,0,1,far,0,3,2286.4000,1174.3000,112.1000,1000.0000,0,1
RC204,RC2,trunc,1,2,0,1,deadline,0,4,2932.1000,1476.7000,455.4000,1000.0000,0,1
RC204,RC2,double,1,1,1,0,far,0,4,2744.6333,1287.7323,456.9010,1000.0000,0,1
RC204,RC2,double,1,1,1,0,deadline,0,3,2749.7259,1287.7224,462.0035,1000.0000,0,1
RC204,RC2,double,1,2,1,0,far,0,4,2828.9077,1257.5262,571.3815,1000.0000,0,1
RC204,RC2,double,1,2,1,0,deadline,0,3,2399.7813,1369.9101,29.8712,1000.0000,0,1
RC204,RC2,double,1,1,0,1,far,0,3,2739.0692,1389.8252,349.2440,1000.0000,0,1
RC204,RC2,double,1,1,0,1,deadline,0,3,2709.5979,1346.1067,363.4912,1000.0000,0,1
RC204,RC2,double,1,2,0,1,far,0,4,2926.4825,1553.6360,372.8465,1000.0000,0,1
RC204,RC2,double,1,2,0,1,deadline,0,4,2855.9538,1356.7318,499.2220,1000.0000,0,1
RC205,RC2,trunc,1,1,1,0,far,0,5,3658.9000,1904.3000,754.6000,1000.0000,0,1
RC205,RC2,trunc,1,1,1,0,deadline,0,5,3987.2000,2226.8000,760.4000,1000.0000,0,1
RC205,RC2,trunc,1,2,1,0,far,0,5,3863.9000,2179.4000,684.5000,1000.0000,0,1
RC205,RC2,trunc,1,2,1,0,deadline,0,5,3860.4000,1912.5000,947.9000,1000.0000,0,1
RC205,RC2,trunc,1,1,0,1,far,0,5,4004.7000,2372.5000,632.2000,1000.0000,0,1
RC205,RC2,trunc,1,1,0,1,deadline,0,5,3692.2000,2156.5000,535.7000,1000.0000,0,1
RC205,RC2,trunc,1,2,0,1,far,0,5,3825.3000,2474.7000,350.6000,1000.0000,0,1
RC205,RC2,trunc,1,2,0,1,deadline,0,5,3582.5000,2093.8000,488.7000,1000.0000,0,1
RC205,RC2,double,1,1,1,0,far,0,5,3660.5738,1908.7861,751.7877,1000.0000,0,1
RC205,RC2,double,1,1,1,0,deadline,0,5,3985.7318,2220.6351,765.0967,1000.0000,0,1
RC205,RC2,double,1,2,1,0,far,0,5,3931.3170,2147.2513,784.0658,1000.0000,0,1
RC205,RC2,double,1,2,1,0,deadline,0,5,3861.7177,1919.8395,941.8781,1000.0000,0,1
RC205,RC2,double,1,1,0,1,far,0,5,4004.9014,2429.7891,575.1123,1000.0000,0,1
RC205,RC2,double,1,1,0,1,deadline,0,5,3710.7114,2178.9393,531.7721,1000.0000,0,1
RC205,RC2,double,1,2,0,1,far,0,6,4286.8607,2509.9997,776.8610,1000.0000,0,1
RC205,RC2,double,1,2,0,1,deadline,0,5,3585.5950,2097.8470,487.7480,1000.0000,0,1
RC206,RC2,trunc,1,1,1,0,far,0,4,3297.2000,1943.7000,353.5000,1000.0000,0,1
RC206,RC2,trunc,1,1,1,0,deadline,0,4,3272.7000,1950.2000,322.5000,1000.0000,0,1
RC206,RC2,trunc,1,2,1,0,far,0,4,3075.0000,1743.1000,331.9000,1000.0000,0,1
RC206,RC2,trunc,1,2,1,0,deadline,0,4,3043.4000,1744.7000,298.7000,1000.0000,0,1
RC206,RC2,trunc,1,1,0,1,far,0,5,3323.3000,2212.7000,110.6000,1000.0000,0,1
RC206,RC2,trunc,1,1,0,1,deadline,0,4,3130.1000,1999.3000,130.8000,1000.0000,0,1
RC206,RC2,trunc,1,2,0,1,far,0,4,3061.0000,2025.8000,35.2000,1000.0000,0,1
RC206,RC2,trunc,1,2,0,1,deadline,0,4,2837.7000,1643.1000,194.6000,1000.0000,0,1
RC206,RC2,double,1,1,1,0,far,0,4,3298.8707,1947.5416,351.3291,1000.0000,0,1
RC206,RC2,double,1,1,1,0,deadline,0,5,3604.0738,1989.2989,614.7749,1000.0000,0,1
RC206,RC2,double,1,2,1,0,far,0,4,3076.4135,1746.8438,329.5697,1000.0000,0,1
RC206,RC2,double,1,2,1,0,deadline,0,4,2958.4813,1656.5212,301.9601,1000.0000,0,1
RC206,RC2,double,1,1,0,1,far,0,5,3324.6520,2215.9489,108.7031,1000.0000,0,1
RC206,RC2,double,1,1,0,1,deadline,0,4,3046.6226,1917.5170,129.1055,1000.0000,0,1
RC206,RC2,double,1,2,0,1,far,0,5,3337.2683,2137.6875,199.5808,1000.0000,0,1
RC206,RC2,double,1,2,0,1,deadline,0,4,2747.1993,1652.6389,94.5604,1000.0000,0,1
RC207,RC2,trunc,1,1,1,0,far,0,4,3176.7000,1718.6000,458.1000,1000.0000,0,1
RC207,RC2,trunc,1,1,1,0,deadline,0,4,3309.8000,1784.1000,525.7000,1000.0000,0,1
RC207,RC2,trunc,1,2,1,0,far,0,4,3070.5000,1565.7000,504.8000,1000.0000,0,1
RC207,RC2,trunc,1,2,1,0,deadline,0,4,3003.6000,1631.6000,372.0000,1000.0000,0,1
RC207,RC2,trunc,1,1,0,1,far,0,5,3632.6000,2267.5000,365.1000,1000.0000,0,1
RC207,RC2,trunc,1,1,0,1,deadline,0,4,3193.3000,1959.3000,234.0000,1000.0000,0,1
RC207,RC2,trunc,1,2,0,1,far,0,5,3481.1000,2269.4000,211.7000,1000.0000,0,1
RC207,RC2,trunc,1,2,0,1,deadline,0,4,3006.7000,1654.5000,352.2000,1000.0000,0,1
RC207,RC2,double,1,1,1,0,far,0,5,3526.2140,1689.9529,836.2612,1000.0000,0,1
RC207,RC2,double,1,1,1,0,deadline,0,4,3311.0277,1787.6161,523.4116,1000.0000,0,1
RC207,RC2,double,1,2,1,0,far,0,4,3064.1415,1569.2644,494.8771,1000.0000,0,1
RC207,RC2,double,1,2,1,0,deadline,0,4,3005.7677,1635.0792,370.6885,1000.0000,0,1
RC207,RC2,double,1,1,0,1,far,0,5,3636.0802,2271.5181,364.5621,1000.0000,0,1
RC207,RC2,double,1,1,0,1,deadline,0,4,3036.6996,1717.8620,318.8376,1000.0000,0,1
RC207,RC2,double,1,2,0,1,far,0,5,3483.5970,2285.3465,198.2505,1000.0000,0,1
RC207,RC2,double,1,2,0,1,deadline,0,4,3050.9100,1739.4656,311.4444,1000.0000,0,1
RC208,RC2,trunc,1,1,1,0,far,0,3,2460.8000,1235.7000,225.1000,1000.0000,0,1
RC208,RC2,trunc,1,1,1,0,deadline,0,3,2627.3000,1576.4000,50.9000,1000.0000,0,1
RC208,RC2,trunc,1,2,1,0,far,0,3,2338.7000,1155.9000,182.8000,1000.0000,0,1
RC208,RC2,trunc,1,2,1,0,deadline,0,3,2633.3000,1379.3000,254.0000,1000.0000,0,1
RC208,RC2,trunc,1,1,0,1,far,0,4,2579.1000,1577.2000,1.9000,1000.0000,0,1
RC208,RC2,trunc,1,1,0,1,deadline,0,3,2502.1000,1479.6000,22.5000,1000.0000,0,1
RC208,RC2,trunc,1,2,0,1,far,0,4,2610.8000,1563.6000,47.2000,1000.0000,0,1
RC208,RC2,trunc,1,2,0,1,deadline,0,3,2478.5000,1448.3000,30.2000,1000.0000,0,1
RC208,RC2,double,1,1,1,0,far,0,3,2506.0377,1244.4714,261.5663,1000.0000,0,1
RC208,RC2,double,1,1,1,0,deadline,0,4,2757.7242,1460.4846,297.2396,1000.0000,0,1
RC208,RC2,double,1,2,1,0,far,0,3,2340.9696,1158.8627,182.1069,1000.0000,0,1
RC208,RC2,double,1,2,1,0,deadline,0,3,2637.0674,1383.5514,253.5161,1000.0000,0,1
RC208,RC2,double,1,1,0,1,far,0,3,2516.2102,1514.6965,1.5137,1000.0000,0,1
RC208,RC2,double,1,1,0,1,deadline,0,3,2525.6359,1509.2835,16.3524,1000.0000,0,1
RC208,RC2,double,1,2,0,1,far,0,4,2690.0650,1618.3895,71.6755,1000.0000,0,1
RC208,RC2,double,1,2,0,1,deadline,0,3,2532.9970,1525.7417,7.2553,1000.0000,0,1
