algorithm,instance,family,type,seed,run_idx,distance,vehicles,time_ms,feasible,ref_dinamics,gap_pct
grasp,C104,C,1,1,0,822.9,10,60000,1,822.9,0.000
grasp,C104,C,1,2,1,822.9,10,60000,1,822.9,0.000
grasp,C104,C,1,3,2,822.9,10,60000,1,822.9,0.000
grasp,C104,C,1,4,3,822.9,10,60000,1,822.9,0.000
grasp,C104,C,1,5,4,822.9,10,60000,1,822.9,0.000
grasp,C104,C,1,6,5,822.9,10,60000,1,822.9,0.000
grasp,C104,C,1,7,6,822.9,10,60000,1,822.9,0.000
grasp,C104,C,1,8,7,822.9,10,60000,1,822.9,0.000
grasp,C104,C,1,9,8,822.9,10,60000,1,822.9,0.000
grasp,C104,C,1,10,9,822.9,10,60001,1,822.9,0.000
grasp,C104,C,1,11,10,822.9,10,60000,1,822.9,0.000
grasp,C104,C,1,12,11,822.9,10,60000,1,822.9,0.000
grasp,C104,C,1,13,12,822.9,10,60000,1,822.9,0.000
grasp,C104,C,1,14,13,822.9,10,60000,1,822.9,0.000
grasp,C104,C,1,15,14,822.9,10,60000,1,822.9,0.000
grasp,C104,C,1,16,15,822.9,10,60000,1,822.9,0.000
grasp,C104,C,1,17,16,822.9,10,60000,1,822.9,0.000
grasp,C104,C,1,18,17,822.9,10,60000,1,822.9,0.000
grasp,C104,C,1,19,18,822.9,10,60001,1,822.9,0.000
grasp,C104,C,1,20,19,822.9,10,60000,1,822.9,0.000
grasp,C104,C,1,21,20,822.9,10,60000,1,822.9,0.000
grasp,C104,C,1,22,21,822.9,10,60000,1,822.9,0.000
grasp,C104,C,1,23,22,822.9,10,60000,1,822.9,0.000
grasp,C104,C,1,24,23,822.9,10,60000,1,822.9,0.000
grasp,C104,C,1,25,24,822.9,10,60000,1,822.9,0.000
grasp,C104,C,1,26,25,822.9,10,60000,1,822.9,0.000
grasp,C104,C,1,27,26,822.9,10,60000,1,822.9,0.000
grasp,C104,C,1,28,27,822.9,10,60000,1,822.9,0.000
grasp,C104,C,1,29,28,822.9,10,60000,1,822.9,0.000
grasp,C104,C,1,30,29,822.9,10,60000,1,822.9,0.000
i1,C104,C,1,1,0,1148.2,10,0,1,822.9,39.531
rgrasp,C104,C,1,1,0,822.9,10,60000,1,822.9,0.000
rgrasp,C104,C,1,2,1,822.9,10,60000,1,822.9,0.000
rgrasp,C104,C,1,3,2,822.9,10,60000,1,822.9,0.000
rgrasp,C104,C,1,4,3,822.9,10,60000,1,822.9,0.000
rgrasp,C104,C,1,5,4,822.9,10,60000,1,822.9,0.000
rgrasp,C104,C,1,6,5,822.9,10,60001,1,822.9,0.000
rgrasp,C104,C,1,7,6,822.9,10,60000,1,822.9,0.000
rgrasp,C104,C,1,8,7,822.9,10,60001,1,822.9,0.000
rgrasp,C104,C,1,9,8,822.9,10,60000,1,822.9,0.000
rgrasp,C104,C,1,10,9,822.9,10,60000,1,822.9,0.000
rgrasp,C104,C,1,11,10,822.9,10,60000,1,822.9,0.000
rgrasp,C104,C,1,12,11,822.9,10,60001,1,822.9,0.000
rgrasp,C104,C,1,13,12,822.9,10,60001,1,822.9,0.000
rgrasp,C104,C,1,14,13,822.9,10,60000,1,822.9,0.000
rgrasp,C104,C,1,15,14,822.9,10,60001,1,822.9,0.000
rgrasp,C104,C,1,16,15,822.9,10,60000,1,822.9,0.000
rgrasp,C104,C,1,17,16,822.9,10,60001,1,822.9,0.000
rgrasp,C104,C,1,18,17,822.9,10,60000,1,822.9,0.000
rgrasp,C104,C,1,19,18,822.9,10,60000,1,822.9,0.000
rgrasp,C104,C,1,20,19,822.9,10,60000,1,822.9,0.000
rgrasp,C104,C,1,21,20,822.9,10,60000,1,822.9,0.000
rgrasp,C104,C,1,22,21,822.9,10,60000,1,822.9,0.000
rgrasp,C104,C,1,23,22,822.9,10,60000,1,822.9,0.000
rgrasp,C104,C,1,24,23,822.9,10,60000,1,822.9,0.000
rgrasp,C104,C,1,25,24,822.9,10,60000,1,822.9,0.000
rgrasp,C104,C,1,26,25,822.9,10,60000,1,822.9,0.000
rgrasp,C104,C,1,27,26,822.9,10,60000,1,822.9,0.000
rgrasp,C104,C,1,28,27,822.9,10,60000,1,822.9,0.000
rgrasp,C104,C,1,29,28,822.9,10,60000,1,822.9,0.000
rgrasp,C104,C,1,30,29,822.9,10,60000,1,822.9,0.000
tabu,C104,C,1,1,0,822.9,10,60003,1,822.9,0.000
vnd,C104,C,1,1,0,898.2,10,48,1,822.9,9.151
grasp,C105,C,1,1,0,827.3,10,60000,1,827.3,0.000
grasp,C105,C,1,2,1,827.3,10,60000,1,827.3,0.000
grasp,C105,C,1,3,2,827.3,10,60000,1,827.3,0.000
grasp,C105,C,1,4,3,827.3,10,60000,1,827.3,0.000
grasp,C105,C,1,5,4,827.3,10,60000,1,827.3,0.000
grasp,C105,C,1,6,5,827.3,10,60000,1,827.3,0.000
grasp,C105,C,1,7,6,827.3,10,60000,1,827.3,0.000
grasp,C105,C,1,8,7,827.3,10,60001,1,827.3,0.000
grasp,C105,C,1,9,8,827.3,10,60000,1,827.3,0.000
grasp,C105,C,1,10,9,827.3,10,60000,1,827.3,0.000
grasp,C105,C,1,11,10,827.3,10,60000,1,827.3,0.000
grasp,C105,C,1,12,11,827.3,10,60000,1,827.3,0.000
grasp,C105,C,1,13,12,827.3,10,60000,1,827.3,0.000
grasp,C105,C,1,14,13,827.3,10,60000,1,827.3,0.000
grasp,C105,C,1,15,14,827.3,10,60000,1,827.3,0.000
grasp,C105,C,1,16,15,827.3,10,60000,1,827.3,0.000
grasp,C105,C,1,17,16,827.3,10,60000,1,827.3,0.000
grasp,C105,C,1,18,17,827.3,10,60000,1,827.3,0.000
grasp,C105,C,1,19,18,827.3,10,60000,1,827.3,0.000
grasp,C105,C,1,20,19,827.3,10,60000,1,827.3,0.000
grasp,C105,C,1,21,20,827.3,10,60002,1,827.3,0.000
grasp,C105,C,1,22,21,827.3,10,60000,1,827.3,0.000
grasp,C105,C,1,23,22,827.3,10,60000,1,827.3,0.000
grasp,C105,C,1,24,23,827.3,10,60001,1,827.3,0.000
grasp,C105,C,1,25,24,827.3,10,60000,1,827.3,0.000
grasp,C105,C,1,26,25,827.3,10,60000,1,827.3,0.000
grasp,C105,C,1,27,26,827.3,10,60000,1,827.3,0.000
grasp,C105,C,1,28,27,827.3,10,60000,1,827.3,0.000
grasp,C105,C,1,29,28,827.3,10,60001,1,827.3,0.000
grasp,C105,C,1,30,29,827.3,10,60002,1,827.3,0.000
i1,C105,C,1,1,0,878.9,10,0,1,827.3,6.237
rgrasp,C105,C,1,1,0,827.3,10,60001,1,827.3,0.000
rgrasp,C105,C,1,2,1,827.3,10,60000,1,827.3,0.000
rgrasp,C105,C,1,3,2,827.3,10,60000,1,827.3,0.000
rgrasp,C105,C,1,4,3,827.3,10,60000,1,827.3,0.000
rgrasp,C105,C,1,5,4,827.3,10,60000,1,827.3,0.000
rgrasp,C105,C,1,6,5,827.3,10,60000,1,827.3,0.000
rgrasp,C105,C,1,7,6,827.3,10,60000,1,827.3,0.000
rgrasp,C105,C,1,8,7,827.3,10,60000,1,827.3,0.000
rgrasp,C105,C,1,9,8,827.3,10,60000,1,827.3,0.000
rgrasp,C105,C,1,10,9,827.3,10,60000,1,827.3,0.000
rgrasp,C105,C,1,11,10,827.3,10,60000,1,827.3,0.000
rgrasp,C105,C,1,12,11,827.3,10,60000,1,827.3,0.000
rgrasp,C105,C,1,13,12,827.3,10,60000,1,827.3,0.000
rgrasp,C105,C,1,14,13,827.3,10,60000,1,827.3,0.000
rgrasp,C105,C,1,15,14,827.3,10,60000,1,827.3,0.000
rgrasp,C105,C,1,16,15,827.3,10,60000,1,827.3,0.000
rgrasp,C105,C,1,17,16,827.3,10,60000,1,827.3,0.000
rgrasp,C105,C,1,18,17,827.3,10,60000,1,827.3,0.000
rgrasp,C105,C,1,19,18,827.3,10,60000,1,827.3,0.000
rgrasp,C105,C,1,20,19,827.3,10,60000,1,827.3,0.000
rgrasp,C105,C,1,21,20,827.3,10,60000,1,827.3,0.000
rgrasp,C105,C,1,22,21,827.3,10,60000,1,827.3,0.000
rgrasp,C105,C,1,23,22,827.3,10,60000,1,827.3,0.000
rgrasp,C105,C,1,24,23,827.3,10,60000,1,827.3,0.000
rgrasp,C105,C,1,25,24,827.3,10,60000,1,827.3,0.000
rgrasp,C105,C,1,26,25,827.3,10,60000,1,827.3,0.000
rgrasp,C105,C,1,27,26,827.3,10,60001,1,827.3,0.000
rgrasp,C105,C,1,28,27,827.3,10,60000,1,827.3,0.000
rgrasp,C105,C,1,29,28,827.3,10,60000,1,827.3,0.000
rgrasp,C105,C,1,30,29,827.3,10,60000,1,827.3,0.000
tabu,C105,C,1,1,0,827.3,10,260,1,827.3,0.000
vnd,C105,C,1,1,0,827.3,10,8,1,827.3,0.000
grasp,C107,C,1,1,0,827.3,10,60002,1,827.3,0.000
grasp,C107,C,1,2,1,827.3,10,60000,1,827.3,0.000
grasp,C107,C,1,3,2,827.3,10,60000,1,827.3,0.000
grasp,C107,C,1,4,3,827.3,10,60001,1,827.3,0.000
grasp,C107,C,1,5,4,827.3,10,60000,1,827.3,0.000
grasp,C107,C,1,6,5,827.3,10,60000,1,827.3,0.000
grasp,C107,C,1,7,6,827.3,10,60000,1,827.3,0.000
grasp,C107,C,1,8,7,827.3,10,60000,1,827.3,0.000
grasp,C107,C,1,9,8,827.3,10,60000,1,827.3,0.000
grasp,C107,C,1,10,9,827.3,10,60000,1,827.3,0.000
grasp,C107,C,1,11,10,827.3,10,60000,1,827.3,0.000
grasp,C107,C,1,12,11,827.3,10,60000,1,827.3,0.000
grasp,C107,C,1,13,12,827.3,10,60000,1,827.3,0.000
grasp,C107,C,1,14,13,827.3,10,60000,1,827.3,0.000
grasp,C107,C,1,15,14,827.3,10,60000,1,827.3,0.000
grasp,C107,C,1,16,15,827.3,10,60000,1,827.3,0.000
grasp,C107,C,1,17,16,827.3,10,60000,1,827.3,0.000
grasp,C107,C,1,18,17,827.3,10,60000,1,827.3,0.000
grasp,C107,C,1,19,18,827.3,10,60001,1,827.3,0.000
grasp,C107,C,1,20,19,827.3,10,60000,1,827.3,0.000
grasp,C107,C,1,21,20,827.3,10,60000,1,827.3,0.000
grasp,C107,C,1,22,21,827.3,10,60000,1,827.3,0.000
grasp,C107,C,1,23,22,827.3,10,60000,1,827.3,0.000
grasp,C107,C,1,24,23,827.3,10,60000,1,827.3,0.000
grasp,C107,C,1,25,24,827.3,10,60000,1,827.3,0.000
grasp,C107,C,1,26,25,827.3,10,60000,1,827.3,0.000
grasp,C107,C,1,27,26,827.3,10,60000,1,827.3,0.000
grasp,C107,C,1,28,27,827.3,10,60000,1,827.3,0.000
grasp,C107,C,1,29,28,827.3,10,60000,1,827.3,0.000
grasp,C107,C,1,30,29,827.3,10,60001,1,827.3,0.000
i1,C107,C,1,1,0,902.4,10,0,1,827.3,9.078
rgrasp,C107,C,1,1,0,827.3,10,60000,1,827.3,0.000
rgrasp,C107,C,1,2,1,827.3,10,60001,1,827.3,0.000
rgrasp,C107,C,1,3,2,827.3,10,60000,1,827.3,0.000
rgrasp,C107,C,1,4,3,827.3,10,60001,1,827.3,0.000
rgrasp,C107,C,1,5,4,827.3,10,60000,1,827.3,0.000
rgrasp,C107,C,1,6,5,827.3,10,60000,1,827.3,0.000
rgrasp,C107,C,1,7,6,827.3,10,60000,1,827.3,0.000
rgrasp,C107,C,1,8,7,827.3,10,60000,1,827.3,0.000
rgrasp,C107,C,1,9,8,827.3,10,60000,1,827.3,0.000
rgrasp,C107,C,1,10,9,827.3,10,60001,1,827.3,0.000
rgrasp,C107,C,1,11,10,827.3,10,60000,1,827.3,0.000
rgrasp,C107,C,1,12,11,827.3,10,60000,1,827.3,0.000
rgrasp,C107,C,1,13,12,827.3,10,60002,1,827.3,0.000
rgrasp,C107,C,1,14,13,827.3,10,60000,1,827.3,0.000
rgrasp,C107,C,1,15,14,827.3,10,60000,1,827.3,0.000
rgrasp,C107,C,1,16,15,827.3,10,60000,1,827.3,0.000
rgrasp,C107,C,1,17,16,827.3,10,60001,1,827.3,0.000
rgrasp,C107,C,1,18,17,827.3,10,60000,1,827.3,0.000
rgrasp,C107,C,1,19,18,827.3,10,60000,1,827.3,0.000
rgrasp,C107,C,1,20,19,827.3,10,60000,1,827.3,0.000
rgrasp,C107,C,1,21,20,827.3,10,60000,1,827.3,0.000
rgrasp,C107,C,1,22,21,827.3,10,60001,1,827.3,0.000
rgrasp,C107,C,1,23,22,827.3,10,60000,1,827.3,0.000
rgrasp,C107,C,1,24,23,827.3,10,60000,1,827.3,0.000
rgrasp,C107,C,1,25,24,827.3,10,60000,1,827.3,0.000
rgrasp,C107,C,1,26,25,827.3,10,60000,1,827.3,0.000
rgrasp,C107,C,1,27,26,827.3,10,60001,1,827.3,0.000
rgrasp,C107,C,1,28,27,827.3,10,60000,1,827.3,0.000
rgrasp,C107,C,1,29,28,827.3,10,60000,1,827.3,0.000
rgrasp,C107,C,1,30,29,827.3,10,60000,1,827.3,0.000
tabu,C107,C,1,1,0,827.3,10,60003,1,827.3,0.000
vnd,C107,C,1,1,0,827.3,10,7,1,827.3,0.000
grasp,C108,C,1,1,0,827.3,10,60000,1,827.3,0.000
grasp,C108,C,1,2,1,827.3,10,60000,1,827.3,0.000
grasp,C108,C,1,3,2,827.3,10,60000,1,827.3,0.000
grasp,C108,C,1,4,3,827.3,10,60000,1,827.3,0.000
grasp,C108,C,1,5,4,827.3,10,60000,1,827.3,0.000
grasp,C108,C,1,6,5,827.3,10,60000,1,827.3,0.000
grasp,C108,C,1,7,6,827.3,10,60000,1,827.3,0.000
grasp,C108,C,1,8,7,827.3,10,60001,1,827.3,0.000
grasp,C108,C,1,9,8,827.3,10,60001,1,827.3,0.000
grasp,C108,C,1,10,9,827.3,10,60002,1,827.3,0.000
grasp,C108,C,1,11,10,827.3,10,60000,1,827.3,0.000
grasp,C108,C,1,12,11,827.3,10,60000,1,827.3,0.000
grasp,C108,C,1,13,12,827.3,10,60000,1,827.3,0.000
grasp,C108,C,1,14,13,827.3,10,60000,1,827.3,0.000
grasp,C108,C,1,15,14,827.3,10,60001,1,827.3,0.000
grasp,C108,C,1,16,15,827.3,10,60000,1,827.3,0.000
grasp,C108,C,1,17,16,827.3,10,60000,1,827.3,0.000
grasp,C108,C,1,18,17,827.3,10,60000,1,827.3,0.000
grasp,C108,C,1,19,18,827.3,10,60000,1,827.3,0.000
grasp,C108,C,1,20,19,827.3,10,60000,1,827.3,0.000
grasp,C108,C,1,21,20,827.3,10,60000,1,827.3,0.000
grasp,C108,C,1,22,21,827.3,10,60000,1,827.3,0.000
grasp,C108,C,1,23,22,827.3,10,60000,1,827.3,0.000
grasp,C108,C,1,24,23,827.3,10,60001,1,827.3,0.000
grasp,C108,C,1,25,24,827.3,10,60000,1,827.3,0.000
grasp,C108,C,1,26,25,827.3,10,60000,1,827.3,0.000
grasp,C108,C,1,27,26,827.3,10,60000,1,827.3,0.000
grasp,C108,C,1,28,27,827.3,10,60000,1,827.3,0.000
grasp,C108,C,1,29,28,827.3,10,60000,1,827.3,0.000
grasp,C108,C,1,30,29,827.3,10,60002,1,827.3,0.000
i1,C108,C,1,1,0,975.2,10,0,1,827.3,17.877
rgrasp,C108,C,1,1,0,827.3,10,60000,1,827.3,0.000
rgrasp,C108,C,1,2,1,827.3,10,60000,1,827.3,0.000
rgrasp,C108,C,1,3,2,827.3,10,60000,1,827.3,0.000
rgrasp,C108,C,1,4,3,827.3,10,60000,1,827.3,0.000
rgrasp,C108,C,1,5,4,827.3,10,60000,1,827.3,0.000
rgrasp,C108,C,1,6,5,827.3,10,60000,1,827.3,0.000
rgrasp,C108,C,1,7,6,827.3,10,60000,1,827.3,0.000
rgrasp,C108,C,1,8,7,827.3,10,60000,1,827.3,0.000
rgrasp,C108,C,1,9,8,827.3,10,60001,1,827.3,0.000
rgrasp,C108,C,1,10,9,827.3,10,60000,1,827.3,0.000
rgrasp,C108,C,1,11,10,827.3,10,60001,1,827.3,0.000
rgrasp,C108,C,1,12,11,827.3,10,60000,1,827.3,0.000
rgrasp,C108,C,1,13,12,827.3,10,60000,1,827.3,0.000
rgrasp,C108,C,1,14,13,827.3,10,60000,1,827.3,0.000
rgrasp,C108,C,1,15,14,827.3,10,60000,1,827.3,0.000
rgrasp,C108,C,1,16,15,827.3,10,60000,1,827.3,0.000
rgrasp,C108,C,1,17,16,827.3,10,60000,1,827.3,0.000
rgrasp,C108,C,1,18,17,827.3,10,60000,1,827.3,0.000
rgrasp,C108,C,1,19,18,827.3,10,60000,1,827.3,0.000
rgrasp,C108,C,1,20,19,827.3,10,60000,1,827.3,0.000
rgrasp,C108,C,1,21,20,827.3,10,60000,1,827.3,0.000
rgrasp,C108,C,1,22,21,827.3,10,60000,1,827.3,0.000
rgrasp,C108,C,1,23,22,827.3,10,60000,1,827.3,0.000
rgrasp,C108,C,1,24,23,827.3,10,60000,1,827.3,0.000
rgrasp,C108,C,1,25,24,827.3,10,60000,1,827.3,0.000
rgrasp,C108,C,1,26,25,827.3,10,60000,1,827.3,0.000
rgrasp,C108,C,1,27,26,827.3,10,60000,1,827.3,0.000
rgrasp,C108,C,1,28,27,827.3,10,60000,1,827.3,0.000
rgrasp,C108,C,1,29,28,827.3,10,60000,1,827.3,0.000
rgrasp,C108,C,1,30,29,827.3,10,60000,1,827.3,0.000
tabu,C108,C,1,1,0,827.3,10,60000,1,827.3,0.000
vnd,C108,C,1,1,0,827.3,10,11,1,827.3,0.000
grasp,C203,C,2,1,0,588.7,3,60002,1,588.7,0.000
grasp,C203,C,2,2,1,588.7,3,60000,1,588.7,0.000
grasp,C203,C,2,3,2,588.7,3,60000,1,588.7,0.000
grasp,C203,C,2,4,3,588.7,3,60000,1,588.7,0.000
grasp,C203,C,2,5,4,588.7,3,60000,1,588.7,0.000
grasp,C203,C,2,6,5,588.7,3,60000,1,588.7,0.000
grasp,C203,C,2,7,6,588.7,3,60000,1,588.7,0.000
grasp,C203,C,2,8,7,588.7,3,60000,1,588.7,0.000
grasp,C203,C,2,9,8,588.7,3,60000,1,588.7,0.000
grasp,C203,C,2,10,9,588.7,3,60003,1,588.7,0.000
grasp,C203,C,2,11,10,588.7,3,60000,1,588.7,0.000
grasp,C203,C,2,12,11,588.7,3,60000,1,588.7,0.000
grasp,C203,C,2,13,12,588.7,3,60000,1,588.7,0.000
grasp,C203,C,2,14,13,588.7,3,60000,1,588.7,0.000
grasp,C203,C,2,15,14,588.7,3,60000,1,588.7,0.000
grasp,C203,C,2,16,15,588.7,3,60000,1,588.7,0.000
grasp,C203,C,2,17,16,588.7,3,60000,1,588.7,0.000
grasp,C203,C,2,18,17,588.7,3,60000,1,588.7,0.000
grasp,C203,C,2,19,18,588.7,3,60000,1,588.7,0.000
grasp,C203,C,2,20,19,588.7,3,60000,1,588.7,0.000
grasp,C203,C,2,21,20,588.7,3,60000,1,588.7,0.000
grasp,C203,C,2,22,21,588.7,3,60001,1,588.7,0.000
grasp,C203,C,2,23,22,588.7,3,60000,1,588.7,0.000
grasp,C203,C,2,24,23,588.7,3,60002,1,588.7,0.000
grasp,C203,C,2,25,24,588.7,3,60000,1,588.7,0.000
grasp,C203,C,2,26,25,588.7,3,60003,1,588.7,0.000
grasp,C203,C,2,27,26,588.7,3,60000,1,588.7,0.000
grasp,C203,C,2,28,27,588.7,3,60000,1,588.7,0.000
grasp,C203,C,2,29,28,588.7,3,60000,1,588.7,0.000
grasp,C203,C,2,30,29,588.7,3,60000,1,588.7,0.000
i1,C203,C,2,1,0,931.4,4,0,1,588.7,58.213
rgrasp,C203,C,2,1,0,588.7,3,60000,1,588.7,0.000
rgrasp,C203,C,2,2,1,588.7,3,60000,1,588.7,0.000
rgrasp,C203,C,2,3,2,588.7,3,60002,1,588.7,0.000
rgrasp,C203,C,2,4,3,588.7,3,60000,1,588.7,0.000
rgrasp,C203,C,2,5,4,588.7,3,60000,1,588.7,0.000
rgrasp,C203,C,2,6,5,588.7,3,60000,1,588.7,0.000
rgrasp,C203,C,2,7,6,588.7,3,60000,1,588.7,0.000
rgrasp,C203,C,2,8,7,588.7,3,60000,1,588.7,0.000
rgrasp,C203,C,2,9,8,588.7,3,60000,1,588.7,0.000
rgrasp,C203,C,2,10,9,588.7,3,60000,1,588.7,0.000
rgrasp,C203,C,2,11,10,588.7,3,60001,1,588.7,0.000
rgrasp,C203,C,2,12,11,588.7,3,60000,1,588.7,0.000
rgrasp,C203,C,2,13,12,588.7,3,60000,1,588.7,0.000
rgrasp,C203,C,2,14,13,588.7,3,60000,1,588.7,0.000
rgrasp,C203,C,2,15,14,588.7,3,60000,1,588.7,0.000
rgrasp,C203,C,2,16,15,588.7,3,60000,1,588.7,0.000
rgrasp,C203,C,2,17,16,588.7,3,60000,1,588.7,0.000
rgrasp,C203,C,2,18,17,588.7,3,60000,1,588.7,0.000
rgrasp,C203,C,2,19,18,588.7,3,60000,1,588.7,0.000
rgrasp,C203,C,2,20,19,588.7,3,60001,1,588.7,0.000
rgrasp,C203,C,2,21,20,588.7,3,60000,1,588.7,0.000
rgrasp,C203,C,2,22,21,588.7,3,60000,1,588.7,0.000
rgrasp,C203,C,2,23,22,588.7,3,60000,1,588.7,0.000
rgrasp,C203,C,2,24,23,588.7,3,60000,1,588.7,0.000
rgrasp,C203,C,2,25,24,588.7,3,60000,1,588.7,0.000
rgrasp,C203,C,2,26,25,588.7,3,60000,1,588.7,0.000
rgrasp,C203,C,2,27,26,588.7,3,60000,1,588.7,0.000
rgrasp,C203,C,2,28,27,588.7,3,60000,1,588.7,0.000
rgrasp,C203,C,2,29,28,588.7,3,60002,1,588.7,0.000
rgrasp,C203,C,2,30,29,588.7,3,60001,1,588.7,0.000
tabu,C203,C,2,1,0,588.7,3,60001,1,588.7,0.000
vnd,C203,C,2,1,0,622.2,4,46,1,588.7,5.691
grasp,C206,C,2,1,0,586.0,3,60000,1,586.0,0.000
grasp,C206,C,2,2,1,586.0,3,60000,1,586.0,0.000
grasp,C206,C,2,3,2,586.0,3,60002,1,586.0,0.000
grasp,C206,C,2,4,3,586.0,3,60000,1,586.0,0.000
grasp,C206,C,2,5,4,586.0,3,60000,1,586.0,0.000
grasp,C206,C,2,6,5,586.0,3,60000,1,586.0,0.000
grasp,C206,C,2,7,6,586.0,3,60000,1,586.0,0.000
grasp,C206,C,2,8,7,586.0,3,60000,1,586.0,0.000
grasp,C206,C,2,9,8,586.0,3,60000,1,586.0,0.000
grasp,C206,C,2,10,9,586.0,3,60000,1,586.0,0.000
grasp,C206,C,2,11,10,586.0,3,60000,1,586.0,0.000
grasp,C206,C,2,12,11,586.0,3,60002,1,586.0,0.000
grasp,C206,C,2,13,12,586.0,3,60000,1,586.0,0.000
grasp,C206,C,2,14,13,586.0,3,60002,1,586.0,0.000
grasp,C206,C,2,15,14,586.0,3,60000,1,586.0,0.000
grasp,C206,C,2,16,15,586.0,3,60000,1,586.0,0.000
grasp,C206,C,2,17,16,586.0,3,60000,1,586.0,0.000
grasp,C206,C,2,18,17,586.0,3,60000,1,586.0,0.000
grasp,C206,C,2,19,18,586.0,3,60000,1,586.0,0.000
grasp,C206,C,2,20,19,586.0,3,60001,1,586.0,0.000
grasp,C206,C,2,21,20,586.0,3,60002,1,586.0,0.000
grasp,C206,C,2,22,21,586.0,3,60000,1,586.0,0.000
grasp,C206,C,2,23,22,586.0,3,60000,1,586.0,0.000
grasp,C206,C,2,24,23,586.0,3,60000,1,586.0,0.000
grasp,C206,C,2,25,24,586.0,3,60002,1,586.0,0.000
grasp,C206,C,2,26,25,586.0,3,60000,1,586.0,0.000
grasp,C206,C,2,27,26,586.0,3,60000,1,586.0,0.000
grasp,C206,C,2,28,27,586.0,3,60000,1,586.0,0.000
grasp,C206,C,2,29,28,586.0,3,60000,1,586.0,0.000
grasp,C206,C,2,30,29,586.0,3,60000,1,586.0,0.000
i1,C206,C,2,1,0,660.6,3,0,1,586.0,12.730
rgrasp,C206,C,2,1,0,586.0,3,60000,1,586.0,0.000
rgrasp,C206,C,2,2,1,586.0,3,60000,1,586.0,0.000
rgrasp,C206,C,2,3,2,586.0,3,60000,1,586.0,0.000
rgrasp,C206,C,2,4,3,586.0,3,60000,1,586.0,0.000
rgrasp,C206,C,2,5,4,586.0,3,60000,1,586.0,0.000
rgrasp,C206,C,2,6,5,586.0,3,60000,1,586.0,0.000
rgrasp,C206,C,2,7,6,586.0,3,60001,1,586.0,0.000
rgrasp,C206,C,2,8,7,586.0,3,60001,1,586.0,0.000
rgrasp,C206,C,2,9,8,586.0,3,60000,1,586.0,0.000
rgrasp,C206,C,2,10,9,586.0,3,60000,1,586.0,0.000
rgrasp,C206,C,2,11,10,586.0,3,60002,1,586.0,0.000
rgrasp,C206,C,2,12,11,586.0,3,60000,1,586.0,0.000
rgrasp,C206,C,2,13,12,586.0,3,60000,1,586.0,0.000
rgrasp,C206,C,2,14,13,586.0,3,60000,1,586.0,0.000
rgrasp,C206,C,2,15,14,586.0,3,60000,1,586.0,0.000
rgrasp,C206,C,2,16,15,586.0,3,60000,1,586.0,0.000
rgrasp,C206,C,2,17,16,586.0,3,60000,1,586.0,0.000
rgrasp,C206,C,2,18,17,586.0,3,60002,1,586.0,0.000
rgrasp,C206,C,2,19,18,586.0,3,60000,1,586.0,0.000
rgrasp,C206,C,2,20,19,586.0,3,60000,1,586.0,0.000
rgrasp,C206,C,2,21,20,586.0,3,60000,1,586.0,0.000
rgrasp,C206,C,2,22,21,586.0,3,60001,1,586.0,0.000
rgrasp,C206,C,2,23,22,586.0,3,60000,1,586.0,0.000
rgrasp,C206,C,2,24,23,586.0,3,60001,1,586.0,0.000
rgrasp,C206,C,2,25,24,586.0,3,60002,1,586.0,0.000
rgrasp,C206,C,2,26,25,586.0,3,60000,1,586.0,0.000
rgrasp,C206,C,2,27,26,586.0,3,60001,1,586.0,0.000
rgrasp,C206,C,2,28,27,586.0,3,60000,1,586.0,0.000
rgrasp,C206,C,2,29,28,586.0,3,60000,1,586.0,0.000
rgrasp,C206,C,2,30,29,586.0,3,60000,1,586.0,0.000
tabu,C206,C,2,1,0,586.0,3,60006,1,586.0,0.000
vnd,C206,C,2,1,0,586.0,3,19,1,586.0,0.000
grasp,C207,C,2,1,0,585.8,3,60000,1,585.8,0.000
grasp,C207,C,2,2,1,585.8,3,60000,1,585.8,0.000
grasp,C207,C,2,3,2,585.8,3,60002,1,585.8,0.000
grasp,C207,C,2,4,3,585.8,3,60000,1,585.8,0.000
grasp,C207,C,2,5,4,585.8,3,60000,1,585.8,0.000
grasp,C207,C,2,6,5,585.8,3,60000,1,585.8,0.000
grasp,C207,C,2,7,6,585.8,3,60000,1,585.8,0.000
grasp,C207,C,2,8,7,585.8,3,60003,1,585.8,0.000
grasp,C207,C,2,9,8,585.8,3,60000,1,585.8,0.000
grasp,C207,C,2,10,9,585.8,3,60001,1,585.8,0.000
grasp,C207,C,2,11,10,585.8,3,60001,1,585.8,0.000
grasp,C207,C,2,12,11,585.8,3,60000,1,585.8,0.000
grasp,C207,C,2,13,12,585.8,3,60000,1,585.8,0.000
grasp,C207,C,2,14,13,585.8,3,60001,1,585.8,0.000
grasp,C207,C,2,15,14,585.8,3,60000,1,585.8,0.000
grasp,C207,C,2,16,15,585.8,3,60000,1,585.8,0.000
grasp,C207,C,2,17,16,585.8,3,60000,1,585.8,0.000
grasp,C207,C,2,18,17,585.8,3,60002,1,585.8,0.000
grasp,C207,C,2,19,18,585.8,3,60000,1,585.8,0.000
grasp,C207,C,2,20,19,585.8,3,60000,1,585.8,0.000
grasp,C207,C,2,21,20,585.8,3,60000,1,585.8,0.000
grasp,C207,C,2,22,21,585.8,3,60000,1,585.8,0.000
grasp,C207,C,2,23,22,585.8,3,60000,1,585.8,0.000
grasp,C207,C,2,24,23,585.8,3,60001,1,585.8,0.000
grasp,C207,C,2,25,24,585.8,3,60000,1,585.8,0.000
grasp,C207,C,2,26,25,585.8,3,60000,1,585.8,0.000
grasp,C207,C,2,27,26,585.8,3,60000,1,585.8,0.000
grasp,C207,C,2,28,27,585.8,3,60000,1,585.8,0.000
grasp,C207,C,2,29,28,585.8,3,60000,1,585.8,0.000
grasp,C207,C,2,30,29,585.8,3,60000,1,585.8,0.000
i1,C207,C,2,1,0,747.1,3,0,1,585.8,27.535
rgrasp,C207,C,2,1,0,585.8,3,60000,1,585.8,0.000
rgrasp,C207,C,2,2,1,585.8,3,60000,1,585.8,0.000
rgrasp,C207,C,2,3,2,585.8,3,60000,1,585.8,0.000
rgrasp,C207,C,2,4,3,585.8,3,60000,1,585.8,0.000
rgrasp,C207,C,2,5,4,585.8,3,60003,1,585.8,0.000
rgrasp,C207,C,2,6,5,585.8,3,60000,1,585.8,0.000
rgrasp,C207,C,2,7,6,585.8,3,60000,1,585.8,0.000
rgrasp,C207,C,2,8,7,585.8,3,60000,1,585.8,0.000
rgrasp,C207,C,2,9,8,585.8,3,60000,1,585.8,0.000
rgrasp,C207,C,2,10,9,585.8,3,60000,1,585.8,0.000
rgrasp,C207,C,2,11,10,585.8,3,60000,1,585.8,0.000
rgrasp,C207,C,2,12,11,585.8,3,60000,1,585.8,0.000
rgrasp,C207,C,2,13,12,585.8,3,60000,1,585.8,0.000
rgrasp,C207,C,2,14,13,585.8,3,60000,1,585.8,0.000
rgrasp,C207,C,2,15,14,585.8,3,60000,1,585.8,0.000
rgrasp,C207,C,2,16,15,585.8,3,60000,1,585.8,0.000
rgrasp,C207,C,2,17,16,585.8,3,60002,1,585.8,0.000
rgrasp,C207,C,2,18,17,585.8,3,60000,1,585.8,0.000
rgrasp,C207,C,2,19,18,585.8,3,60003,1,585.8,0.000
rgrasp,C207,C,2,20,19,585.8,3,60000,1,585.8,0.000
rgrasp,C207,C,2,21,20,585.8,3,60000,1,585.8,0.000
rgrasp,C207,C,2,22,21,585.8,3,60000,1,585.8,0.000
rgrasp,C207,C,2,23,22,585.8,3,60001,1,585.8,0.000
rgrasp,C207,C,2,24,23,585.8,3,60000,1,585.8,0.000
rgrasp,C207,C,2,25,24,585.8,3,60002,1,585.8,0.000
rgrasp,C207,C,2,26,25,585.8,3,60000,1,585.8,0.000
rgrasp,C207,C,2,27,26,585.8,3,60001,1,585.8,0.000
rgrasp,C207,C,2,28,27,585.8,3,60000,1,585.8,0.000
rgrasp,C207,C,2,29,28,585.8,3,60000,1,585.8,0.000
rgrasp,C207,C,2,30,29,585.8,3,60001,1,585.8,0.000
tabu,C207,C,2,1,0,585.8,3,60007,1,585.8,0.000
vnd,C207,C,2,1,0,585.8,3,23,1,585.8,0.000
grasp,C208,C,2,1,0,585.8,3,60001,1,585.8,0.000
grasp,C208,C,2,2,1,585.8,3,60000,1,585.8,0.000
grasp,C208,C,2,3,2,585.8,3,60001,1,585.8,0.000
grasp,C208,C,2,4,3,585.8,3,60000,1,585.8,0.000
grasp,C208,C,2,5,4,585.8,3,60000,1,585.8,0.000
grasp,C208,C,2,6,5,585.8,3,60000,1,585.8,0.000
grasp,C208,C,2,7,6,585.8,3,60000,1,585.8,0.000
grasp,C208,C,2,8,7,585.8,3,60000,1,585.8,0.000
grasp,C208,C,2,9,8,585.8,3,60000,1,585.8,0.000
grasp,C208,C,2,10,9,585.8,3,60000,1,585.8,0.000
grasp,C208,C,2,11,10,585.8,3,60000,1,585.8,0.000
grasp,C208,C,2,12,11,585.8,3,60002,1,585.8,0.000
grasp,C208,C,2,13,12,585.8,3,60000,1,585.8,0.000
grasp,C208,C,2,14,13,585.8,3,60000,1,585.8,0.000
grasp,C208,C,2,15,14,585.8,3,60000,1,585.8,0.000
grasp,C208,C,2,16,15,585.8,3,60001,1,585.8,0.000
grasp,C208,C,2,17,16,585.8,3,60002,1,585.8,0.000
grasp,C208,C,2,18,17,585.8,3,60000,1,585.8,0.000
grasp,C208,C,2,19,18,585.8,3,60000,1,585.8,0.000
grasp,C208,C,2,20,19,585.8,3,60002,1,585.8,0.000
grasp,C208,C,2,21,20,585.8,3,60002,1,585.8,0.000
grasp,C208,C,2,22,21,585.8,3,60000,1,585.8,0.000
grasp,C208,C,2,23,22,585.8,3,60000,1,585.8,0.000
grasp,C208,C,2,24,23,585.8,3,60000,1,585.8,0.000
grasp,C208,C,2,25,24,585.8,3,60000,1,585.8,0.000
grasp,C208,C,2,26,25,585.8,3,60000,1,585.8,0.000
grasp,C208,C,2,27,26,585.8,3,60001,1,585.8,0.000
grasp,C208,C,2,28,27,585.8,3,60000,1,585.8,0.000
grasp,C208,C,2,29,28,585.8,3,60000,1,585.8,0.000
grasp,C208,C,2,30,29,585.8,3,60000,1,585.8,0.000
i1,C208,C,2,1,0,717.6,3,0,1,585.8,22.499
rgrasp,C208,C,2,1,0,585.8,3,60000,1,585.8,0.000
rgrasp,C208,C,2,2,1,585.8,3,60000,1,585.8,0.000
rgrasp,C208,C,2,3,2,585.8,3,60000,1,585.8,0.000
rgrasp,C208,C,2,4,3,585.8,3,60000,1,585.8,0.000
rgrasp,C208,C,2,5,4,585.8,3,60000,1,585.8,0.000
rgrasp,C208,C,2,6,5,585.8,3,60000,1,585.8,0.000
rgrasp,C208,C,2,7,6,585.8,3,60003,1,585.8,0.000
rgrasp,C208,C,2,8,7,585.8,3,60000,1,585.8,0.000
rgrasp,C208,C,2,9,8,585.8,3,60000,1,585.8,0.000
rgrasp,C208,C,2,10,9,585.8,3,60000,1,585.8,0.000
rgrasp,C208,C,2,11,10,585.8,3,60000,1,585.8,0.000
rgrasp,C208,C,2,12,11,585.8,3,60002,1,585.8,0.000
rgrasp,C208,C,2,13,12,585.8,3,60000,1,585.8,0.000
rgrasp,C208,C,2,14,13,585.8,3,60000,1,585.8,0.000
rgrasp,C208,C,2,15,14,585.8,3,60002,1,585.8,0.000
rgrasp,C208,C,2,16,15,585.8,3,60000,1,585.8,0.000
rgrasp,C208,C,2,17,16,585.8,3,60002,1,585.8,0.000
rgrasp,C208,C,2,18,17,585.8,3,60001,1,585.8,0.000
rgrasp,C208,C,2,19,18,585.8,3,60000,1,585.8,0.000
rgrasp,C208,C,2,20,19,585.8,3,60000,1,585.8,0.000
rgrasp,C208,C,2,21,20,585.8,3,60000,1,585.8,0.000
rgrasp,C208,C,2,22,21,585.8,3,60000,1,585.8,0.000
rgrasp,C208,C,2,23,22,585.8,3,60000,1,585.8,0.000
rgrasp,C208,C,2,24,23,585.8,3,60000,1,585.8,0.000
rgrasp,C208,C,2,25,24,585.8,3,60000,1,585.8,0.000
rgrasp,C208,C,2,26,25,585.8,3,60000,1,585.8,0.000
rgrasp,C208,C,2,27,26,585.8,3,60000,1,585.8,0.000
rgrasp,C208,C,2,28,27,585.8,3,60000,1,585.8,0.000
rgrasp,C208,C,2,29,28,585.8,3,60002,1,585.8,0.000
rgrasp,C208,C,2,30,29,585.8,3,60002,1,585.8,0.000
tabu,C208,C,2,1,0,585.8,3,60006,1,585.8,0.000
vnd,C208,C,2,1,0,632.3,3,21,1,585.8,7.938
grasp,R102,R,1,1,0,1467.6,18,60000,1,1466.6,0.068
grasp,R102,R,1,2,1,1467.1,18,60000,1,1466.6,0.034
grasp,R102,R,1,3,2,1467.6,18,60001,1,1466.6,0.068
grasp,R102,R,1,4,3,1466.6,18,60000,1,1466.6,0.000
grasp,R102,R,1,5,4,1470.3,18,60000,1,1466.6,0.252
grasp,R102,R,1,6,5,1468.8,18,60000,1,1466.6,0.150
grasp,R102,R,1,7,6,1467.6,18,60001,1,1466.6,0.068
grasp,R102,R,1,8,7,1468.8,18,60000,1,1466.6,0.150
grasp,R102,R,1,9,8,1466.6,18,60000,1,1466.6,0.000
grasp,R102,R,1,10,9,1469.2,18,60000,1,1466.6,0.177
grasp,R102,R,1,11,10,1468.2,18,60001,1,1466.6,0.109
grasp,R102,R,1,12,11,1467.1,18,60000,1,1466.6,0.034
grasp,R102,R,1,13,12,1466.6,18,60000,1,1466.6,0.000
grasp,R102,R,1,14,13,1467.6,18,60001,1,1466.6,0.068
grasp,R102,R,1,15,14,1467.8,18,60000,1,1466.6,0.082
grasp,R102,R,1,16,15,1466.6,18,60000,1,1466.6,0.000
grasp,R102,R,1,17,16,1469.7,18,60000,1,1466.6,0.211
grasp,R102,R,1,18,17,1473.2,18,60000,1,1466.6,0.450
grasp,R102,R,1,19,18,1468.6,18,60000,1,1466.6,0.136
grasp,R102,R,1,20,19,1470.6,18,60001,1,1466.6,0.273
grasp,R102,R,1,21,20,1469.9,18,60001,1,1466.6,0.225
grasp,R102,R,1,22,21,1467.6,18,60000,1,1466.6,0.068
grasp,R102,R,1,23,22,1471.0,18,60000,1,1466.6,0.300
grasp,R102,R,1,24,23,1467.6,18,60000,1,1466.6,0.068
grasp,R102,R,1,25,24,1468.2,18,60000,1,1466.6,0.109
grasp,R102,R,1,26,25,1466.6,18,60000,1,1466.6,0.000
grasp,R102,R,1,27,26,1468.6,18,60000,1,1466.6,0.136
grasp,R102,R,1,28,27,1468.2,18,60000,1,1466.6,0.109
grasp,R102,R,1,29,28,1467.6,18,60000,1,1466.6,0.068
grasp,R102,R,1,30,29,1467.6,18,60000,1,1466.6,0.068
i1,R102,R,1,1,0,1711.0,19,0,1,1466.6,16.664
rgrasp,R102,R,1,1,0,1466.9,18,60001,1,1466.6,0.020
rgrasp,R102,R,1,2,1,1468.8,18,60000,1,1466.6,0.150
rgrasp,R102,R,1,3,2,1471.6,18,60000,1,1466.6,0.341
rgrasp,R102,R,1,4,3,1467.6,18,60000,1,1466.6,0.068
rgrasp,R102,R,1,5,4,1468.2,18,60000,1,1466.6,0.109
rgrasp,R102,R,1,6,5,1469.5,18,60001,1,1466.6,0.198
rgrasp,R102,R,1,7,6,1468.1,18,60001,1,1466.6,0.102
rgrasp,R102,R,1,8,7,1467.6,18,60000,1,1466.6,0.068
rgrasp,R102,R,1,9,8,1467.4,18,60000,1,1466.6,0.055
rgrasp,R102,R,1,10,9,1466.9,18,60001,1,1466.6,0.020
rgrasp,R102,R,1,11,10,1469.5,18,60000,1,1466.6,0.198
rgrasp,R102,R,1,12,11,1469.5,18,60000,1,1466.6,0.198
rgrasp,R102,R,1,13,12,1466.9,18,60000,1,1466.6,0.020
rgrasp,R102,R,1,14,13,1469.5,18,60000,1,1466.6,0.198
rgrasp,R102,R,1,15,14,1469.7,18,60000,1,1466.6,0.211
rgrasp,R102,R,1,16,15,1471.1,18,60000,1,1466.6,0.307
rgrasp,R102,R,1,17,16,1468.6,18,60000,1,1466.6,0.136
rgrasp,R102,R,1,18,17,1469.9,18,60000,1,1466.6,0.225
rgrasp,R102,R,1,19,18,1469.7,18,60001,1,1466.6,0.211
rgrasp,R102,R,1,20,19,1468.7,18,60000,1,1466.6,0.143
rgrasp,R102,R,1,21,20,1467.1,18,60000,1,1466.6,0.034
rgrasp,R102,R,1,22,21,1473.0,18,60000,1,1466.6,0.436
rgrasp,R102,R,1,23,22,1470.6,18,60000,1,1466.6,0.273
rgrasp,R102,R,1,24,23,1467.9,18,60000,1,1466.6,0.089
rgrasp,R102,R,1,25,24,1467.6,18,60001,1,1466.6,0.068
rgrasp,R102,R,1,26,25,1466.6,18,60000,1,1466.6,0.000
rgrasp,R102,R,1,27,26,1468.6,18,60000,1,1466.6,0.136
rgrasp,R102,R,1,28,27,1470.5,18,60000,1,1466.6,0.266
rgrasp,R102,R,1,29,28,1471.0,18,60000,1,1466.6,0.300
rgrasp,R102,R,1,30,29,1467.6,18,60000,1,1466.6,0.068
tabu,R102,R,1,1,0,1480.3,19,60001,1,1466.6,0.934
vnd,R102,R,1,1,0,1509.5,19,21,1,1466.6,2.925
grasp,R103,R,1,1,0,1226.1,15,60001,1,1208.7,1.440
grasp,R103,R,1,2,1,1221.3,15,60001,1,1208.7,1.042
grasp,R103,R,1,3,2,1226.6,14,60000,1,1208.7,1.481
grasp,R103,R,1,4,3,1217.4,14,60000,1,1208.7,0.720
grasp,R103,R,1,5,4,1230.7,15,60000,1,1208.7,1.820
grasp,R103,R,1,6,5,1223.4,15,60000,1,1208.7,1.216
grasp,R103,R,1,7,6,1222.2,15,60000,1,1208.7,1.117
grasp,R103,R,1,8,7,1226.7,15,60000,1,1208.7,1.489
grasp,R103,R,1,9,8,1226.8,14,60000,1,1208.7,1.497
grasp,R103,R,1,10,9,1227.0,15,60000,1,1208.7,1.514
grasp,R103,R,1,11,10,1216.9,14,60000,1,1208.7,0.678
grasp,R103,R,1,12,11,1218.1,14,60000,1,1208.7,0.778
grasp,R103,R,1,13,12,1226.0,14,60000,1,1208.7,1.431
grasp,R103,R,1,14,13,1227.2,15,60000,1,1208.7,1.531
grasp,R103,R,1,15,14,1225.8,14,60000,1,1208.7,1.415
grasp,R103,R,1,16,15,1219.1,15,60000,1,1208.7,0.860
grasp,R103,R,1,17,16,1223.1,14,60000,1,1208.7,1.191
grasp,R103,R,1,18,17,1224.6,15,60000,1,1208.7,1.315
grasp,R103,R,1,19,18,1226.0,14,60000,1,1208.7,1.431
grasp,R103,R,1,20,19,1224.6,15,60000,1,1208.7,1.315
grasp,R103,R,1,21,20,1222.1,15,60000,1,1208.7,1.109
grasp,R103,R,1,22,21,1224.5,15,60000,1,1208.7,1.307
grasp,R103,R,1,23,22,1226.3,15,60000,1,1208.7,1.456
grasp,R103,R,1,24,23,1222.2,15,60000,1,1208.7,1.117
grasp,R103,R,1,25,24,1224.9,15,60000,1,1208.7,1.340
grasp,R103,R,1,26,25,1226.3,15,60000,1,1208.7,1.456
grasp,R103,R,1,27,26,1222.5,15,60000,1,1208.7,1.142
grasp,R103,R,1,28,27,1224.9,14,60000,1,1208.7,1.340
grasp,R103,R,1,29,28,1223.9,15,60001,1,1208.7,1.258
grasp,R103,R,1,30,29,1229.0,14,60000,1,1208.7,1.679
i1,R103,R,1,1,0,1550.0,16,0,1,1208.7,28.237
rgrasp,R103,R,1,1,0,1217.8,14,60002,1,1208.7,0.753
rgrasp,R103,R,1,2,1,1226.1,15,60000,1,1208.7,1.440
rgrasp,R103,R,1,3,2,1226.0,14,60000,1,1208.7,1.431
rgrasp,R103,R,1,4,3,1223.3,15,60000,1,1208.7,1.208
rgrasp,R103,R,1,5,4,1222.0,15,60001,1,1208.7,1.100
rgrasp,R103,R,1,6,5,1226.4,15,60000,1,1208.7,1.464
rgrasp,R103,R,1,7,6,1221.0,15,60000,1,1208.7,1.018
rgrasp,R103,R,1,8,7,1222.8,15,60001,1,1208.7,1.167
rgrasp,R103,R,1,9,8,1225.7,14,60000,1,1208.7,1.406
rgrasp,R103,R,1,10,9,1229.2,14,60000,1,1208.7,1.696
rgrasp,R103,R,1,11,10,1227.3,14,60000,1,1208.7,1.539
rgrasp,R103,R,1,12,11,1226.9,14,60001,1,1208.7,1.506
rgrasp,R103,R,1,13,12,1224.4,14,60000,1,1208.7,1.299
rgrasp,R103,R,1,14,13,1225.6,14,60001,1,1208.7,1.398
rgrasp,R103,R,1,15,14,1227.0,14,60000,1,1208.7,1.514
rgrasp,R103,R,1,16,15,1228.0,15,60000,1,1208.7,1.597
rgrasp,R103,R,1,17,16,1228.6,15,60000,1,1208.7,1.646
rgrasp,R103,R,1,18,17,1215.3,14,60000,1,1208.7,0.546
rgrasp,R103,R,1,19,18,1223.1,15,60000,1,1208.7,1.191
rgrasp,R103,R,1,20,19,1224.9,15,60000,1,1208.7,1.340
rgrasp,R103,R,1,21,20,1227.3,14,60000,1,1208.7,1.539
rgrasp,R103,R,1,22,21,1227.1,14,60001,1,1208.7,1.522
rgrasp,R103,R,1,23,22,1216.2,14,60001,1,1208.7,0.621
rgrasp,R103,R,1,24,23,1227.3,14,60000,1,1208.7,1.539
rgrasp,R103,R,1,25,24,1228.6,15,60000,1,1208.7,1.646
rgrasp,R103,R,1,26,25,1222.9,14,60000,1,1208.7,1.175
rgrasp,R103,R,1,27,26,1220.9,15,60000,1,1208.7,1.009
rgrasp,R103,R,1,28,27,1226.2,14,60000,1,1208.7,1.448
rgrasp,R103,R,1,29,28,1221.9,15,60000,1,1208.7,1.092
rgrasp,R103,R,1,30,29,1224.7,15,60000,1,1208.7,1.324
tabu,R103,R,1,1,0,1223.5,15,60001,1,1208.7,1.224
vnd,R103,R,1,1,0,1308.7,16,32,1,1208.7,8.273
grasp,R105,R,1,1,0,1369.8,16,60000,1,1355.3,1.070
grasp,R105,R,1,2,1,1373.1,15,60000,1,1355.3,1.313
grasp,R105,R,1,3,2,1363.6,15,60000,1,1355.3,0.612
grasp,R105,R,1,4,3,1369.5,16,60000,1,1355.3,1.048
grasp,R105,R,1,5,4,1373.2,15,60000,1,1355.3,1.321
grasp,R105,R,1,6,5,1366.7,15,60000,1,1355.3,0.841
grasp,R105,R,1,7,6,1376.2,15,60000,1,1355.3,1.542
grasp,R105,R,1,8,7,1369.2,16,60001,1,1355.3,1.026
grasp,R105,R,1,9,8,1377.6,16,60000,1,1355.3,1.645
grasp,R105,R,1,10,9,1363.1,15,60000,1,1355.3,0.576
grasp,R105,R,1,11,10,1362.5,15,60000,1,1355.3,0.531
grasp,R105,R,1,12,11,1363.4,15,60000,1,1355.3,0.598
grasp,R105,R,1,13,12,1373.4,16,60000,1,1355.3,1.335
grasp,R105,R,1,14,13,1373.1,16,60000,1,1355.3,1.313
grasp,R105,R,1,15,14,1367.1,15,60001,1,1355.3,0.871
grasp,R105,R,1,16,15,1364.0,15,60000,1,1355.3,0.642
grasp,R105,R,1,17,16,1363.4,15,60000,1,1355.3,0.598
grasp,R105,R,1,18,17,1372.3,15,60000,1,1355.3,1.254
grasp,R105,R,1,19,18,1369.2,15,60001,1,1355.3,1.026
grasp,R105,R,1,20,19,1359.4,16,60000,1,1355.3,0.303
grasp,R105,R,1,21,20,1367.3,16,60000,1,1355.3,0.885
grasp,R105,R,1,22,21,1374.7,16,60000,1,1355.3,1.431
grasp,R105,R,1,23,22,1373.7,16,60000,1,1355.3,1.358
grasp,R105,R,1,24,23,1370.7,15,60000,1,1355.3,1.136
grasp,R105,R,1,25,24,1371.3,15,60001,1,1355.3,1.181
grasp,R105,R,1,26,25,1368.2,16,60001,1,1355.3,0.952
grasp,R105,R,1,27,26,1377.9,15,60000,1,1355.3,1.668
grasp,R105,R,1,28,27,1366.2,15,60000,1,1355.3,0.804
grasp,R105,R,1,29,28,1370.1,16,60001,1,1355.3,1.092
grasp,R105,R,1,30,29,1373.9,16,60000,1,1355.3,1.372
i1,R105,R,1,1,0,1593.4,15,0,1,1355.3,17.568
rgrasp,R105,R,1,1,0,1372.3,16,60001,1,1355.3,1.254
rgrasp,R105,R,1,2,1,1376.8,16,60000,1,1355.3,1.586
rgrasp,R105,R,1,3,2,1382.6,16,60000,1,1355.3,2.014
rgrasp,R105,R,1,4,3,1372.9,16,60001,1,1355.3,1.299
rgrasp,R105,R,1,5,4,1365.3,15,60000,1,1355.3,0.738
rgrasp,R105,R,1,6,5,1369.8,16,60000,1,1355.3,1.070
rgrasp,R105,R,1,7,6,1373.7,16,60000,1,1355.3,1.358
rgrasp,R105,R,1,8,7,1370.1,15,60000,1,1355.3,1.092
rgrasp,R105,R,1,9,8,1375.0,16,60000,1,1355.3,1.454
rgrasp,R105,R,1,10,9,1373.0,15,60001,1,1355.3,1.306
rgrasp,R105,R,1,11,10,1381.5,16,60001,1,1355.3,1.933
rgrasp,R105,R,1,12,11,1360.6,15,60000,1,1355.3,0.391
rgrasp,R105,R,1,13,12,1370.9,16,60000,1,1355.3,1.151
rgrasp,R105,R,1,14,13,1370.6,15,60000,1,1355.3,1.129
rgrasp,R105,R,1,15,14,1381.0,15,60000,1,1355.3,1.896
rgrasp,R105,R,1,16,15,1371.3,15,60000,1,1355.3,1.181
rgrasp,R105,R,1,17,16,1377.4,16,60000,1,1355.3,1.631
rgrasp,R105,R,1,18,17,1368.0,16,60000,1,1355.3,0.937
rgrasp,R105,R,1,19,18,1362.3,16,60000,1,1355.3,0.516
rgrasp,R105,R,1,20,19,1363.4,16,60000,1,1355.3,0.598
rgrasp,R105,R,1,21,20,1363.0,15,60000,1,1355.3,0.568
rgrasp,R105,R,1,22,21,1378.9,16,60000,1,1355.3,1.741
rgrasp,R105,R,1,23,22,1370.8,16,60000,1,1355.3,1.144
rgrasp,R105,R,1,24,23,1371.4,16,60000,1,1355.3,1.188
rgrasp,R105,R,1,25,24,1381.0,15,60000,1,1355.3,1.896
rgrasp,R105,R,1,26,25,1373.1,16,60001,1,1355.3,1.313
rgrasp,R105,R,1,27,26,1374.0,16,60000,1,1355.3,1.380
rgrasp,R105,R,1,28,27,1381.8,16,60002,1,1355.3,1.955
rgrasp,R105,R,1,29,28,1378.3,16,60000,1,1355.3,1.697
rgrasp,R105,R,1,30,29,1372.7,16,60001,1,1355.3,1.284
tabu,R105,R,1,1,0,1358.4,15,60001,1,1355.3,0.229
vnd,R105,R,1,1,0,1437.1,15,27,1,1355.3,6.036
grasp,R107,R,1,1,0,1084.5,12,60001,1,1064.6,1.869
grasp,R107,R,1,2,1,1092.4,11,60000,1,1064.6,2.611
grasp,R107,R,1,3,2,1095.0,11,60000,1,1064.6,2.856
grasp,R107,R,1,4,3,1098.1,12,60000,1,1064.6,3.147
grasp,R107,R,1,5,4,1092.4,12,60000,1,1064.6,2.611
grasp,R107,R,1,6,5,1087.2,12,60000,1,1064.6,2.123
grasp,R107,R,1,7,6,1101.7,12,60001,1,1064.6,3.485
grasp,R107,R,1,8,7,1078.0,12,60001,1,1064.6,1.259
grasp,R107,R,1,9,8,1098.6,12,60000,1,1064.6,3.194
grasp,R107,R,1,10,9,1088.6,12,60000,1,1064.6,2.254
grasp,R107,R,1,11,10,1098.1,12,60000,1,1064.6,3.147
grasp,R107,R,1,12,11,1092.6,11,60001,1,1064.6,2.630
grasp,R107,R,1,13,12,1093.9,12,60000,1,1064.6,2.752
grasp,R107,R,1,14,13,1091.9,11,60000,1,1064.6,2.564
grasp,R107,R,1,15,14,1093.8,12,60000,1,1064.6,2.743
grasp,R107,R,1,16,15,1103.3,11,60000,1,1064.6,3.635
grasp,R107,R,1,17,16,1085.6,12,60000,1,1064.6,1.973
grasp,R107,R,1,18,17,1094.4,11,60002,1,1064.6,2.799
grasp,R107,R,1,19,18,1105.0,12,60000,1,1064.6,3.795
grasp,R107,R,1,20,19,1092.1,11,60000,1,1064.6,2.583
grasp,R107,R,1,21,20,1092.5,12,60000,1,1064.6,2.621
grasp,R107,R,1,22,21,1101.4,12,60000,1,1064.6,3.457
grasp,R107,R,1,23,22,1077.6,11,60000,1,1064.6,1.221
grasp,R107,R,1,24,23,1085.0,12,60000,1,1064.6,1.916
grasp,R107,R,1,25,24,1088.1,11,60001,1,1064.6,2.207
grasp,R107,R,1,26,25,1100.9,12,60000,1,1064.6,3.410
grasp,R107,R,1,27,26,1098.1,12,60000,1,1064.6,3.147
grasp,R107,R,1,28,27,1100.5,12,60000,1,1064.6,3.372
grasp,R107,R,1,29,28,1089.7,12,60001,1,1064.6,2.358
grasp,R107,R,1,30,29,1096.1,11,60000,1,1064.6,2.959
i1,R107,R,1,1,0,1354.1,12,0,1,1064.6,27.193
rgrasp,R107,R,1,1,0,1097.6,12,60000,1,1064.6,3.100
rgrasp,R107,R,1,2,1,1105.1,12,60000,1,1064.6,3.804
rgrasp,R107,R,1,3,2,1094.8,12,60000,1,1064.6,2.837
rgrasp,R107,R,1,4,3,1091.2,11,60000,1,1064.6,2.499
rgrasp,R107,R,1,5,4,1098.2,12,60000,1,1064.6,3.156
rgrasp,R107,R,1,6,5,1101.2,12,60002,1,1064.6,3.438
rgrasp,R107,R,1,7,6,1100.1,12,60000,1,1064.6,3.335
rgrasp,R107,R,1,8,7,1105.9,12,60000,1,1064.6,3.879
rgrasp,R107,R,1,9,8,1098.5,12,60000,1,1064.6,3.184
rgrasp,R107,R,1,10,9,1081.7,12,60000,1,1064.6,1.606
rgrasp,R107,R,1,11,10,1084.3,12,60000,1,1064.6,1.850
rgrasp,R107,R,1,12,11,1086.3,12,60000,1,1064.6,2.038
rgrasp,R107,R,1,13,12,1093.8,12,60000,1,1064.6,2.743
rgrasp,R107,R,1,14,13,1097.9,12,60000,1,1064.6,3.128
rgrasp,R107,R,1,15,14,1081.9,12,60000,1,1064.6,1.625
rgrasp,R107,R,1,16,15,1099.2,12,60000,1,1064.6,3.250
rgrasp,R107,R,1,17,16,1097.8,12,60000,1,1064.6,3.119
rgrasp,R107,R,1,18,17,1092.5,11,60000,1,1064.6,2.621
rgrasp,R107,R,1,19,18,1096.7,12,60000,1,1064.6,3.015
rgrasp,R107,R,1,20,19,1092.7,12,60001,1,1064.6,2.639
rgrasp,R107,R,1,21,20,1090.5,12,60000,1,1064.6,2.433
rgrasp,R107,R,1,22,21,1093.3,12,60000,1,1064.6,2.696
rgrasp,R107,R,1,23,22,1101.5,12,60000,1,1064.6,3.466
rgrasp,R107,R,1,24,23,1085.1,12,60000,1,1064.6,1.926
rgrasp,R107,R,1,25,24,1097.4,12,60000,1,1064.6,3.081
rgrasp,R107,R,1,26,25,1091.5,11,60000,1,1064.6,2.527
rgrasp,R107,R,1,27,26,1098.9,12,60000,1,1064.6,3.222
rgrasp,R107,R,1,28,27,1096.7,12,60000,1,1064.6,3.015
rgrasp,R107,R,1,29,28,1095.9,12,60000,1,1064.6,2.940
rgrasp,R107,R,1,30,29,1095.0,12,60000,1,1064.6,2.856
tabu,R107,R,1,1,0,1078.6,12,60002,1,1064.6,1.315
vnd,R107,R,1,1,0,1172.5,12,35,1,1064.6,10.135
grasp,R108,R,1,1,0,961.5,10,60000,1,932.1,3.154
grasp,R108,R,1,2,1,966.1,11,60000,1,932.1,3.648
grasp,R108,R,1,3,2,974.4,11,60000,1,932.1,4.538
grasp,R108,R,1,4,3,959.7,11,60000,1,932.1,2.961
grasp,R108,R,1,5,4,976.9,11,60000,1,932.1,4.806
grasp,R108,R,1,6,5,958.8,11,60001,1,932.1,2.864
grasp,R108,R,1,7,6,969.4,11,60000,1,932.1,4.002
grasp,R108,R,1,8,7,970.1,11,60001,1,932.1,4.077
grasp,R108,R,1,9,8,967.3,11,60000,1,932.1,3.776
grasp,R108,R,1,10,9,953.4,10,60000,1,932.1,2.285
grasp,R108,R,1,11,10,964.0,11,60000,1,932.1,3.422
grasp,R108,R,1,12,11,969.6,11,60000,1,932.1,4.023
grasp,R108,R,1,13,12,962.3,11,60000,1,932.1,3.240
grasp,R108,R,1,14,13,966.2,11,60000,1,932.1,3.658
grasp,R108,R,1,15,14,970.2,11,60000,1,932.1,4.088
grasp,R108,R,1,16,15,964.4,11,60000,1,932.1,3.465
grasp,R108,R,1,17,16,956.2,10,60000,1,932.1,2.586
grasp,R108,R,1,18,17,954.4,10,60000,1,932.1,2.392
grasp,R108,R,1,19,18,964.3,11,60000,1,932.1,3.455
grasp,R108,R,1,20,19,955.5,10,60001,1,932.1,2.510
grasp,R108,R,1,21,20,965.0,10,60000,1,932.1,3.530
grasp,R108,R,1,22,21,959.9,11,60000,1,932.1,2.983
grasp,R108,R,1,23,22,963.0,11,60000,1,932.1,3.315
grasp,R108,R,1,24,23,973.7,11,60000,1,932.1,4.463
grasp,R108,R,1,25,24,966.7,10,60000,1,932.1,3.712
grasp,R108,R,1,26,25,964.8,10,60000,1,932.1,3.508
grasp,R108,R,1,27,26,966.1,10,60000,1,932.1,3.648
grasp,R108,R,1,28,27,956.2,11,60000,1,932.1,2.586
grasp,R108,R,1,29,28,969.3,11,60000,1,932.1,3.991
grasp,R108,R,1,30,29,970.1,11,60000,1,932.1,4.077
i1,R108,R,1,1,0,1226.0,11,0,1,932.1,31.531
rgrasp,R108,R,1,1,0,963.4,11,60000,1,932.1,3.358
rgrasp,R108,R,1,2,1,965.7,11,60001,1,932.1,3.605
rgrasp,R108,R,1,3,2,957.9,10,60000,1,932.1,2.768
rgrasp,R108,R,1,4,3,963.9,11,60000,1,932.1,3.412
rgrasp,R108,R,1,5,4,968.6,11,60000,1,932.1,3.916
rgrasp,R108,R,1,6,5,969.1,11,60000,1,932.1,3.970
rgrasp,R108,R,1,7,6,959.9,11,60000,1,932.1,2.983
rgrasp,R108,R,1,8,7,968.2,11,60000,1,932.1,3.873
rgrasp,R108,R,1,9,8,972.9,11,60000,1,932.1,4.377
rgrasp,R108,R,1,10,9,965.2,10,60000,1,932.1,3.551
rgrasp,R108,R,1,11,10,965.5,11,60000,1,932.1,3.583
rgrasp,R108,R,1,12,11,967.1,11,60000,1,932.1,3.755
rgrasp,R108,R,1,13,12,974.5,11,60000,1,932.1,4.549
rgrasp,R108,R,1,14,13,965.2,10,60000,1,932.1,3.551
rgrasp,R108,R,1,15,14,963.0,11,60000,1,932.1,3.315
rgrasp,R108,R,1,16,15,953.1,11,60000,1,932.1,2.253
rgrasp,R108,R,1,17,16,967.7,11,60001,1,932.1,3.819
rgrasp,R108,R,1,18,17,974.5,11,60000,1,932.1,4.549
rgrasp,R108,R,1,19,18,967.7,11,60000,1,932.1,3.819
rgrasp,R108,R,1,20,19,968.9,10,60001,1,932.1,3.948
rgrasp,R108,R,1,21,20,964.4,11,60000,1,932.1,3.465
rgrasp,R108,R,1,22,21,975.4,10,60000,1,932.1,4.645
rgrasp,R108,R,1,23,22,965.9,11,60001,1,932.1,3.626
rgrasp,R108,R,1,24,23,961.3,11,60000,1,932.1,3.133
rgrasp,R108,R,1,25,24,970.7,11,60000,1,932.1,4.141
rgrasp,R108,R,1,26,25,975.0,10,60000,1,932.1,4.603
rgrasp,R108,R,1,27,26,971.9,10,60000,1,932.1,4.270
rgrasp,R108,R,1,28,27,965.5,11,60000,1,932.1,3.583
rgrasp,R108,R,1,29,28,966.1,11,60001,1,932.1,3.648
rgrasp,R108,R,1,30,29,965.6,11,60000,1,932.1,3.594
tabu,R108,R,1,1,0,964.4,10,60004,1,932.1,3.465
vnd,R108,R,1,1,0,1121.2,11,33,1,932.1,20.288
grasp,R111,R,1,1,0,1075.8,12,60001,1,1048.7,2.584
grasp,R111,R,1,2,1,1075.1,12,60000,1,1048.7,2.517
grasp,R111,R,1,3,2,1077.5,12,60000,1,1048.7,2.746
grasp,R111,R,1,4,3,1066.1,12,60000,1,1048.7,1.659
grasp,R111,R,1,5,4,1071.7,12,60000,1,1048.7,2.193
grasp,R111,R,1,6,5,1080.6,12,60000,1,1048.7,3.042
grasp,R111,R,1,7,6,1073.2,11,60000,1,1048.7,2.336
grasp,R111,R,1,8,7,1080.6,12,60000,1,1048.7,3.042
grasp,R111,R,1,9,8,1079.5,12,60000,1,1048.7,2.937
grasp,R111,R,1,10,9,1072.9,12,60000,1,1048.7,2.308
grasp,R111,R,1,11,10,1068.9,12,60000,1,1048.7,1.926
grasp,R111,R,1,12,11,1070.0,12,60001,1,1048.7,2.031
grasp,R111,R,1,13,12,1072.0,12,60000,1,1048.7,2.222
grasp,R111,R,1,14,13,1070.6,12,60000,1,1048.7,2.088
grasp,R111,R,1,15,14,1061.1,12,60000,1,1048.7,1.182
grasp,R111,R,1,16,15,1069.5,12,60000,1,1048.7,1.983
grasp,R111,R,1,17,16,1078.8,12,60002,1,1048.7,2.870
grasp,R111,R,1,18,17,1075.5,12,60002,1,1048.7,2.556
grasp,R111,R,1,19,18,1065.1,12,60001,1,1048.7,1.564
grasp,R111,R,1,20,19,1067.8,12,60000,1,1048.7,1.821
grasp,R111,R,1,21,20,1065.0,12,60000,1,1048.7,1.554
grasp,R111,R,1,22,21,1071.3,12,60000,1,1048.7,2.155
grasp,R111,R,1,23,22,1070.3,12,60001,1,1048.7,2.060
grasp,R111,R,1,24,23,1065.7,12,60000,1,1048.7,1.621
grasp,R111,R,1,25,24,1071.4,12,60000,1,1048.7,2.165
grasp,R111,R,1,26,25,1073.1,12,60000,1,1048.7,2.327
grasp,R111,R,1,27,26,1055.1,11,60000,1,1048.7,0.610
grasp,R111,R,1,28,27,1065.2,12,60000,1,1048.7,1.573
grasp,R111,R,1,29,28,1066.1,12,60001,1,1048.7,1.659
grasp,R111,R,1,30,29,1070.8,12,60001,1,1048.7,2.107
i1,R111,R,1,1,0,1276.6,12,0,1,1048.7,21.732
rgrasp,R111,R,1,1,0,1075.0,12,60000,1,1048.7,2.508
rgrasp,R111,R,1,2,1,1076.7,12,60000,1,1048.7,2.670
rgrasp,R111,R,1,3,2,1073.0,12,60001,1,1048.7,2.317
rgrasp,R111,R,1,4,3,1071.1,12,60000,1,1048.7,2.136
rgrasp,R111,R,1,5,4,1082.7,12,60000,1,1048.7,3.242
rgrasp,R111,R,1,6,5,1068.5,12,60000,1,1048.7,1.888
rgrasp,R111,R,1,7,6,1078.5,12,60000,1,1048.7,2.842
rgrasp,R111,R,1,8,7,1059.5,12,60000,1,1048.7,1.030
rgrasp,R111,R,1,9,8,1082.5,13,60000,1,1048.7,3.223
rgrasp,R111,R,1,10,9,1078.6,12,60000,1,1048.7,2.851
rgrasp,R111,R,1,11,10,1066.4,12,60000,1,1048.7,1.688
rgrasp,R111,R,1,12,11,1077.8,12,60000,1,1048.7,2.775
rgrasp,R111,R,1,13,12,1071.1,12,60000,1,1048.7,2.136
rgrasp,R111,R,1,14,13,1072.9,12,60000,1,1048.7,2.308
rgrasp,R111,R,1,15,14,1077.1,12,60000,1,1048.7,2.708
rgrasp,R111,R,1,16,15,1070.2,12,60001,1,1048.7,2.050
rgrasp,R111,R,1,17,16,1080.9,12,60001,1,1048.7,3.070
rgrasp,R111,R,1,18,17,1071.3,12,60002,1,1048.7,2.155
rgrasp,R111,R,1,19,18,1075.8,12,60000,1,1048.7,2.584
rgrasp,R111,R,1,20,19,1075.1,12,60001,1,1048.7,2.517
rgrasp,R111,R,1,21,20,1065.1,12,60000,1,1048.7,1.564
rgrasp,R111,R,1,22,21,1062.5,12,60000,1,1048.7,1.316
rgrasp,R111,R,1,23,22,1067.0,12,60000,1,1048.7,1.745
rgrasp,R111,R,1,24,23,1075.7,12,60000,1,1048.7,2.575
rgrasp,R111,R,1,25,24,1065.7,12,60000,1,1048.7,1.621
rgrasp,R111,R,1,26,25,1067.0,12,60000,1,1048.7,1.745
rgrasp,R111,R,1,27,26,1075.7,12,60000,1,1048.7,2.575
rgrasp,R111,R,1,28,27,1073.1,12,60001,1,1048.7,2.327
rgrasp,R111,R,1,29,28,1076.5,12,60000,1,1048.7,2.651
rgrasp,R111,R,1,30,29,1081.5,12,60000,1,1048.7,3.128
tabu,R111,R,1,1,0,1054.7,12,60002,1,1048.7,0.572
vnd,R111,R,1,1,0,1134.3,12,30,1,1048.7,8.162
grasp,R202,R,2,1,0,1067.1,5,60000,1,1029.6,3.642
grasp,R202,R,2,2,1,1074.7,5,60001,1,1029.6,4.380
grasp,R202,R,2,3,2,1073.8,5,60000,1,1029.6,4.293
grasp,R202,R,2,4,3,1049.2,5,60000,1,1029.6,1.904
grasp,R202,R,2,5,4,1061.0,5,60000,1,1029.6,3.050
grasp,R202,R,2,6,5,1077.2,5,60000,1,1029.6,4.623
grasp,R202,R,2,7,6,1068.3,5,60000,1,1029.6,3.759
grasp,R202,R,2,8,7,1072.4,5,60001,1,1029.6,4.157
grasp,R202,R,2,9,8,1077.1,5,60000,1,1029.6,4.613
grasp,R202,R,2,10,9,1079.2,5,60000,1,1029.6,4.817
grasp,R202,R,2,11,10,1070.3,5,60000,1,1029.6,3.953
grasp,R202,R,2,12,11,1088.1,5,60000,1,1029.6,5.682
grasp,R202,R,2,13,12,1078.9,5,60000,1,1029.6,4.788
grasp,R202,R,2,14,13,1073.1,5,60000,1,1029.6,4.225
grasp,R202,R,2,15,14,1073.7,5,60000,1,1029.6,4.283
grasp,R202,R,2,16,15,1064.4,5,60000,1,1029.6,3.380
grasp,R202,R,2,17,16,1065.0,5,60000,1,1029.6,3.438
grasp,R202,R,2,18,17,1075.6,5,60001,1,1029.6,4.468
grasp,R202,R,2,19,18,1070.9,5,60000,1,1029.6,4.011
grasp,R202,R,2,20,19,1068.5,5,60000,1,1029.6,3.778
grasp,R202,R,2,21,20,1072.2,5,60000,1,1029.6,4.138
grasp,R202,R,2,22,21,1076.1,5,60001,1,1029.6,4.516
grasp,R202,R,2,23,22,1069.5,5,60000,1,1029.6,3.875
grasp,R202,R,2,24,23,1069.5,5,60000,1,1029.6,3.875
grasp,R202,R,2,25,24,1070.0,5,60000,1,1029.6,3.924
grasp,R202,R,2,26,25,1062.0,5,60000,1,1029.6,3.147
grasp,R202,R,2,27,26,1073.0,5,60000,1,1029.6,4.215
grasp,R202,R,2,28,27,1071.3,5,60000,1,1029.6,4.050
grasp,R202,R,2,29,28,1062.4,5,60000,1,1029.6,3.186
grasp,R202,R,2,30,29,1079.0,5,60000,1,1029.6,4.798
i1,R202,R,2,1,0,1585.0,4,0,1,1029.6,53.943
rgrasp,R202,R,2,1,0,1082.5,5,60001,1,1029.6,5.138
rgrasp,R202,R,2,2,1,1067.4,5,60000,1,1029.6,3.671
rgrasp,R202,R,2,3,2,1069.4,5,60000,1,1029.6,3.866
rgrasp,R202,R,2,4,3,1062.0,5,60000,1,1029.6,3.147
rgrasp,R202,R,2,5,4,1073.0,5,60000,1,1029.6,4.215
rgrasp,R202,R,2,6,5,1057.6,5,60001,1,1029.6,2.720
rgrasp,R202,R,2,7,6,1084.8,5,60000,1,1029.6,5.361
rgrasp,R202,R,2,8,7,1059.4,5,60000,1,1029.6,2.894
rgrasp,R202,R,2,9,8,1085.8,5,60000,1,1029.6,5.458
rgrasp,R202,R,2,10,9,1073.3,5,60000,1,1029.6,4.244
rgrasp,R202,R,2,11,10,1081.6,5,60000,1,1029.6,5.051
rgrasp,R202,R,2,12,11,1087.9,5,60000,1,1029.6,5.662
rgrasp,R202,R,2,13,12,1081.8,5,60000,1,1029.6,5.070
rgrasp,R202,R,2,14,13,1085.1,5,60000,1,1029.6,5.390
rgrasp,R202,R,2,15,14,1070.3,5,60000,1,1029.6,3.953
rgrasp,R202,R,2,16,15,1078.9,5,60000,1,1029.6,4.788
rgrasp,R202,R,2,17,16,1065.2,5,60000,1,1029.6,3.458
rgrasp,R202,R,2,18,17,1062.5,5,60000,1,1029.6,3.195
rgrasp,R202,R,2,19,18,1068.6,5,60000,1,1029.6,3.788
rgrasp,R202,R,2,20,19,1066.0,5,60000,1,1029.6,3.535
rgrasp,R202,R,2,21,20,1064.3,5,60000,1,1029.6,3.370
rgrasp,R202,R,2,22,21,1079.1,5,60000,1,1029.6,4.808
rgrasp,R202,R,2,23,22,1071.5,5,60000,1,1029.6,4.070
rgrasp,R202,R,2,24,23,1074.9,5,60000,1,1029.6,4.400
rgrasp,R202,R,2,25,24,1085.2,5,60000,1,1029.6,5.400
rgrasp,R202,R,2,26,25,1075.7,5,60000,1,1029.6,4.477
rgrasp,R202,R,2,27,26,1074.8,5,60000,1,1029.6,4.390
rgrasp,R202,R,2,28,27,1075.9,5,60000,1,1029.6,4.497
rgrasp,R202,R,2,29,28,1080.9,5,60000,1,1029.6,4.983
rgrasp,R202,R,2,30,29,1076.8,5,60000,1,1029.6,4.584
tabu,R202,R,2,1,0,1088.4,4,60000,1,1029.6,5.711
vnd,R202,R,2,1,0,1160.7,4,47,1,1029.6,12.733
grasp,R204,R,2,1,0,762.3,4,60000,1,731.3,4.239
grasp,R204,R,2,2,1,760.4,3,60003,1,731.3,3.979
grasp,R204,R,2,3,2,751.4,3,60000,1,731.3,2.749
grasp,R204,R,2,4,3,755.4,3,60000,1,731.3,3.296
grasp,R204,R,2,5,4,761.4,3,60003,1,731.3,4.116
grasp,R204,R,2,6,5,757.8,3,60000,1,731.3,3.624
grasp,R204,R,2,7,6,757.9,3,60000,1,731.3,3.637
grasp,R204,R,2,8,7,760.2,3,60001,1,731.3,3.952
grasp,R204,R,2,9,8,757.2,3,60000,1,731.3,3.542
grasp,R204,R,2,10,9,762.9,3,60000,1,731.3,4.321
grasp,R204,R,2,11,10,761.3,3,60000,1,731.3,4.102
grasp,R204,R,2,12,11,756.5,3,60000,1,731.3,3.446
grasp,R204,R,2,13,12,754.0,3,60003,1,731.3,3.104
grasp,R204,R,2,14,13,760.3,3,60000,1,731.3,3.966
grasp,R204,R,2,15,14,750.8,3,60000,1,731.3,2.666
grasp,R204,R,2,16,15,766.0,3,60000,1,731.3,4.745
grasp,R204,R,2,17,16,764.6,3,60000,1,731.3,4.554
grasp,R204,R,2,18,17,759.0,3,60002,1,731.3,3.788
grasp,R204,R,2,19,18,757.3,4,60000,1,731.3,3.555
grasp,R204,R,2,20,19,753.8,3,60000,1,731.3,3.077
grasp,R204,R,2,21,20,758.8,3,60000,1,731.3,3.760
grasp,R204,R,2,22,21,764.0,3,60000,1,731.3,4.471
grasp,R204,R,2,23,22,758.7,3,60000,1,731.3,3.747
grasp,R204,R,2,24,23,764.4,3,60000,1,731.3,4.526
grasp,R204,R,2,25,24,758.6,3,60001,1,731.3,3.733
grasp,R204,R,2,26,25,757.7,3,60002,1,731.3,3.610
grasp,R204,R,2,27,26,751.1,3,60000,1,731.3,2.708
grasp,R204,R,2,28,27,760.5,3,60000,1,731.3,3.993
grasp,R204,R,2,29,28,760.3,3,60000,1,731.3,3.966
grasp,R204,R,2,30,29,752.9,3,60000,1,731.3,2.954
i1,R204,R,2,1,0,1155.2,4,0,1,731.3,57.965
rgrasp,R204,R,2,1,0,760.1,3,60000,1,731.3,3.938
rgrasp,R204,R,2,2,1,759.2,3,60001,1,731.3,3.815
rgrasp,R204,R,2,3,2,758.0,3,60000,1,731.3,3.651
rgrasp,R204,R,2,4,3,756.7,3,60000,1,731.3,3.473
rgrasp,R204,R,2,5,4,759.5,3,60000,1,731.3,3.856
rgrasp,R204,R,2,6,5,764.6,3,60001,1,731.3,4.554
rgrasp,R204,R,2,7,6,760.3,3,60000,1,731.3,3.966
rgrasp,R204,R,2,8,7,753.1,3,60000,1,731.3,2.981
rgrasp,R204,R,2,9,8,753.0,3,60000,1,731.3,2.967
rgrasp,R204,R,2,10,9,750.9,3,60000,1,731.3,2.680
rgrasp,R204,R,2,11,10,752.9,3,60000,1,731.3,2.954
rgrasp,R204,R,2,12,11,764.6,3,60000,1,731.3,4.554
rgrasp,R204,R,2,13,12,751.9,3,60000,1,731.3,2.817
rgrasp,R204,R,2,14,13,761.1,4,60000,1,731.3,4.075
rgrasp,R204,R,2,15,14,763.7,4,60000,1,731.3,4.430
rgrasp,R204,R,2,16,15,753.0,3,60002,1,731.3,2.967
rgrasp,R204,R,2,17,16,764.3,3,60000,1,731.3,4.513
rgrasp,R204,R,2,18,17,756.7,3,60000,1,731.3,3.473
rgrasp,R204,R,2,19,18,748.1,3,60002,1,731.3,2.297
rgrasp,R204,R,2,20,19,760.0,4,60001,1,731.3,3.925
rgrasp,R204,R,2,21,20,758.5,3,60000,1,731.3,3.719
rgrasp,R204,R,2,22,21,762.3,4,60002,1,731.3,4.239
rgrasp,R204,R,2,23,22,756.0,3,60003,1,731.3,3.378
rgrasp,R204,R,2,24,23,756.0,3,60000,1,731.3,3.378
rgrasp,R204,R,2,25,24,757.1,3,60000,1,731.3,3.528
rgrasp,R204,R,2,26,25,756.0,3,60000,1,731.3,3.378
rgrasp,R204,R,2,27,26,758.6,3,60000,1,731.3,3.733
rgrasp,R204,R,2,28,27,756.9,3,60000,1,731.3,3.501
rgrasp,R204,R,2,29,28,761.2,3,60000,1,731.3,4.089
rgrasp,R204,R,2,30,29,760.7,3,60000,1,731.3,4.020
tabu,R204,R,2,1,0,770.9,4,60007,1,731.3,5.415
vnd,R204,R,2,1,0,846.7,4,74,1,731.3,15.780
grasp,R207,R,2,1,0,829.7,3,60001,1,794.0,4.496
grasp,R207,R,2,2,1,832.7,3,60000,1,794.0,4.874
grasp,R207,R,2,3,2,832.7,3,60002,1,794.0,4.874
grasp,R207,R,2,4,3,820.6,3,60000,1,794.0,3.350
grasp,R207,R,2,5,4,848.2,3,60002,1,794.0,6.826
grasp,R207,R,2,6,5,848.0,3,60002,1,794.0,6.801
grasp,R207,R,2,7,6,810.4,3,60000,1,794.0,2.065
grasp,R207,R,2,8,7,858.0,3,60003,1,794.0,8.060
grasp,R207,R,2,9,8,830.3,3,60000,1,794.0,4.572
grasp,R207,R,2,10,9,850.6,3,60000,1,794.0,7.128
grasp,R207,R,2,11,10,835.0,3,60000,1,794.0,5.164
grasp,R207,R,2,12,11,843.7,3,60000,1,794.0,6.259
grasp,R207,R,2,13,12,842.3,3,60000,1,794.0,6.083
grasp,R207,R,2,14,13,832.1,3,60000,1,794.0,4.798
grasp,R207,R,2,15,14,830.2,3,60000,1,794.0,4.559
grasp,R207,R,2,16,15,833.6,3,60000,1,794.0,4.987
grasp,R207,R,2,17,16,847.2,3,60000,1,794.0,6.700
grasp,R207,R,2,18,17,852.0,3,60000,1,794.0,7.305
grasp,R207,R,2,19,18,829.7,3,60000,1,794.0,4.496
grasp,R207,R,2,20,19,845.1,3,60003,1,794.0,6.436
grasp,R207,R,2,21,20,850.4,3,60000,1,794.0,7.103
grasp,R207,R,2,22,21,846.1,3,60003,1,794.0,6.562
grasp,R207,R,2,23,22,842.4,3,60003,1,794.0,6.096
grasp,R207,R,2,24,23,827.8,3,60001,1,794.0,4.257
grasp,R207,R,2,25,24,831.0,3,60000,1,794.0,4.660
grasp,R207,R,2,26,25,847.1,3,60000,1,794.0,6.688
grasp,R207,R,2,27,26,834.7,3,60000,1,794.0,5.126
grasp,R207,R,2,28,27,829.7,3,60000,1,794.0,4.496
grasp,R207,R,2,29,28,846.3,3,60000,1,794.0,6.587
grasp,R207,R,2,30,29,833.6,3,60001,1,794.0,4.987
i1,R207,R,2,1,0,1169.9,3,0,1,794.0,47.343
rgrasp,R207,R,2,1,0,848.5,3,60000,1,794.0,6.864
rgrasp,R207,R,2,2,1,850.7,3,60000,1,794.0,7.141
rgrasp,R207,R,2,3,2,836.9,3,60000,1,794.0,5.403
rgrasp,R207,R,2,4,3,854.4,4,60001,1,794.0,7.607
rgrasp,R207,R,2,5,4,839.1,3,60000,1,794.0,5.680
rgrasp,R207,R,2,6,5,826.5,3,60000,1,794.0,4.093
rgrasp,R207,R,2,7,6,836.7,3,60000,1,794.0,5.378
rgrasp,R207,R,2,8,7,827.2,3,60000,1,794.0,4.181
rgrasp,R207,R,2,9,8,850.6,3,60000,1,794.0,7.128
rgrasp,R207,R,2,10,9,851.3,4,60000,1,794.0,7.217
rgrasp,R207,R,2,11,10,851.4,3,60000,1,794.0,7.229
rgrasp,R207,R,2,12,11,845.8,4,60000,1,794.0,6.524
rgrasp,R207,R,2,13,12,836.9,3,60000,1,794.0,5.403
rgrasp,R207,R,2,14,13,831.0,3,60000,1,794.0,4.660
rgrasp,R207,R,2,15,14,838.4,3,60001,1,794.0,5.592
rgrasp,R207,R,2,16,15,850.2,3,60000,1,794.0,7.078
rgrasp,R207,R,2,17,16,831.0,3,60000,1,794.0,4.660
rgrasp,R207,R,2,18,17,842.1,3,60000,1,794.0,6.058
rgrasp,R207,R,2,19,18,850.6,3,60000,1,794.0,7.128
rgrasp,R207,R,2,20,19,837.2,3,60000,1,794.0,5.441
rgrasp,R207,R,2,21,20,831.4,3,60000,1,794.0,4.710
rgrasp,R207,R,2,22,21,842.2,3,60000,1,794.0,6.071
rgrasp,R207,R,2,23,22,845.4,3,60000,1,794.0,6.474
rgrasp,R207,R,2,24,23,841.9,3,60000,1,794.0,6.033
rgrasp,R207,R,2,25,24,846.5,3,60000,1,794.0,6.612
rgrasp,R207,R,2,26,25,833.2,4,60000,1,794.0,4.937
rgrasp,R207,R,2,27,26,843.9,3,60000,1,794.0,6.285
rgrasp,R207,R,2,28,27,845.2,3,60000,1,794.0,6.448
rgrasp,R207,R,2,29,28,829.7,3,60001,1,794.0,4.496
rgrasp,R207,R,2,30,29,844.9,3,60000,1,794.0,6.411
tabu,R207,R,2,1,0,839.0,3,60001,1,794.0,5.668
vnd,R207,R,2,1,0,940.7,3,59,1,794.0,18.476
grasp,R208,R,2,1,0,727.9,3,60000,1,701.0,3.837
grasp,R208,R,2,2,1,724.1,3,60000,1,701.0,3.295
grasp,R208,R,2,3,2,725.6,3,60000,1,701.0,3.509
grasp,R208,R,2,4,3,719.3,3,60000,1,701.0,2.611
grasp,R208,R,2,5,4,722.9,3,60000,1,701.0,3.124
grasp,R208,R,2,6,5,711.7,3,60000,1,701.0,1.526
grasp,R208,R,2,7,6,723.9,3,60000,1,701.0,3.267
grasp,R208,R,2,8,7,725.2,3,60001,1,701.0,3.452
grasp,R208,R,2,9,8,721.0,3,60000,1,701.0,2.853
grasp,R208,R,2,10,9,720.7,3,60001,1,701.0,2.810
grasp,R208,R,2,11,10,727.2,3,60000,1,701.0,3.738
grasp,R208,R,2,12,11,722.1,3,60000,1,701.0,3.010
grasp,R208,R,2,13,12,723.0,3,60000,1,701.0,3.138
grasp,R208,R,2,14,13,723.8,3,60000,1,701.0,3.252
grasp,R208,R,2,15,14,715.9,3,60001,1,701.0,2.126
grasp,R208,R,2,16,15,724.6,3,60000,1,701.0,3.367
grasp,R208,R,2,17,16,727.0,3,60000,1,701.0,3.709
grasp,R208,R,2,18,17,725.3,3,60001,1,701.0,3.466
grasp,R208,R,2,19,18,716.3,3,60000,1,701.0,2.183
grasp,R208,R,2,20,19,724.0,3,60000,1,701.0,3.281
grasp,R208,R,2,21,20,720.1,3,60002,1,701.0,2.725
grasp,R208,R,2,22,21,720.0,3,60000,1,701.0,2.710
grasp,R208,R,2,23,22,720.2,3,60002,1,701.0,2.739
grasp,R208,R,2,24,23,719.4,3,60000,1,701.0,2.625
grasp,R208,R,2,25,24,724.6,3,60000,1,701.0,3.367
grasp,R208,R,2,26,25,720.2,3,60000,1,701.0,2.739
grasp,R208,R,2,27,26,717.3,3,60000,1,701.0,2.325
grasp,R208,R,2,28,27,725.4,3,60000,1,701.0,3.481
grasp,R208,R,2,29,28,728.0,3,60002,1,701.0,3.852
grasp,R208,R,2,30,29,725.9,3,60003,1,701.0,3.552
i1,R208,R,2,1,0,974.0,3,0,1,701.0,38.944
rgrasp,R208,R,2,1,0,722.9,3,60000,1,701.0,3.124
rgrasp,R208,R,2,2,1,722.2,3,60000,1,701.0,3.024
rgrasp,R208,R,2,3,2,729.5,3,60000,1,701.0,4.066
rgrasp,R208,R,2,4,3,714.6,3,60000,1,701.0,1.940
rgrasp,R208,R,2,5,4,721.2,3,60000,1,701.0,2.882
rgrasp,R208,R,2,6,5,713.8,3,60002,1,701.0,1.826
rgrasp,R208,R,2,7,6,722.8,3,60002,1,701.0,3.110
rgrasp,R208,R,2,8,7,721.0,3,60000,1,701.0,2.853
rgrasp,R208,R,2,9,8,713.3,3,60000,1,701.0,1.755
rgrasp,R208,R,2,10,9,722.1,3,60000,1,701.0,3.010
rgrasp,R208,R,2,11,10,718.7,3,60003,1,701.0,2.525
rgrasp,R208,R,2,12,11,724.0,3,60000,1,701.0,3.281
rgrasp,R208,R,2,13,12,724.8,3,60000,1,701.0,3.395
rgrasp,R208,R,2,14,13,722.3,3,60003,1,701.0,3.039
rgrasp,R208,R,2,15,14,714.6,3,60001,1,701.0,1.940
rgrasp,R208,R,2,16,15,719.2,3,60000,1,701.0,2.596
rgrasp,R208,R,2,17,16,728.5,3,60000,1,701.0,3.923
rgrasp,R208,R,2,18,17,717.9,3,60000,1,701.0,2.411
rgrasp,R208,R,2,19,18,720.2,3,60000,1,701.0,2.739
rgrasp,R208,R,2,20,19,716.2,3,60000,1,701.0,2.168
rgrasp,R208,R,2,21,20,727.9,3,60000,1,701.0,3.837
rgrasp,R208,R,2,22,21,725.7,3,60001,1,701.0,3.524
rgrasp,R208,R,2,23,22,728.3,3,60003,1,701.0,3.894
rgrasp,R208,R,2,24,23,717.1,3,60000,1,701.0,2.297
rgrasp,R208,R,2,25,24,722.1,3,60000,1,701.0,3.010
rgrasp,R208,R,2,26,25,726.2,3,60000,1,701.0,3.595
rgrasp,R208,R,2,27,26,720.7,3,60000,1,701.0,2.810
rgrasp,R208,R,2,28,27,718.9,3,60001,1,701.0,2.553
rgrasp,R208,R,2,29,28,712.3,3,60000,1,701.0,1.612
rgrasp,R208,R,2,30,29,721.7,3,60000,1,701.0,2.953
tabu,R208,R,2,1,0,767.7,3,60004,1,701.0,9.515
vnd,R208,R,2,1,0,821.9,3,63,1,701.0,17.247
grasp,R209,R,2,1,0,911.2,4,60002,1,854.8,6.598
grasp,R209,R,2,2,1,871.6,4,60000,1,854.8,1.965
grasp,R209,R,2,3,2,904.7,4,60002,1,854.8,5.838
grasp,R209,R,2,4,3,907.4,4,60000,1,854.8,6.153
grasp,R209,R,2,5,4,908.5,4,60000,1,854.8,6.282
grasp,R209,R,2,6,5,903.1,4,60000,1,854.8,5.650
grasp,R209,R,2,7,6,900.6,4,60000,1,854.8,5.358
grasp,R209,R,2,8,7,888.3,4,60001,1,854.8,3.919
grasp,R209,R,2,9,8,889.8,4,60000,1,854.8,4.095
grasp,R209,R,2,10,9,895.1,4,60000,1,854.8,4.715
grasp,R209,R,2,11,10,899.8,4,60000,1,854.8,5.264
grasp,R209,R,2,12,11,905.5,4,60000,1,854.8,5.931
grasp,R209,R,2,13,12,907.5,4,60000,1,854.8,6.165
grasp,R209,R,2,14,13,896.8,4,60000,1,854.8,4.913
grasp,R209,R,2,15,14,897.6,4,60001,1,854.8,5.007
grasp,R209,R,2,16,15,897.3,4,60000,1,854.8,4.972
grasp,R209,R,2,17,16,902.8,4,60000,1,854.8,5.615
grasp,R209,R,2,18,17,880.1,4,60000,1,854.8,2.960
grasp,R209,R,2,19,18,885.1,4,60000,1,854.8,3.545
grasp,R209,R,2,20,19,889.9,4,60000,1,854.8,4.106
grasp,R209,R,2,21,20,906.2,4,60000,1,854.8,6.013
grasp,R209,R,2,22,21,907.8,4,60000,1,854.8,6.200
grasp,R209,R,2,23,22,898.8,4,60000,1,854.8,5.147
grasp,R209,R,2,24,23,899.3,4,60000,1,854.8,5.206
grasp,R209,R,2,25,24,892.2,4,60002,1,854.8,4.375
grasp,R209,R,2,26,25,901.5,4,60000,1,854.8,5.463
grasp,R209,R,2,27,26,879.8,4,60000,1,854.8,2.925
grasp,R209,R,2,28,27,893.0,4,60001,1,854.8,4.469
grasp,R209,R,2,29,28,889.0,4,60000,1,854.8,4.001
grasp,R209,R,2,30,29,894.1,4,60000,1,854.8,4.598
i1,R209,R,2,1,0,1322.5,4,0,1,854.8,54.715
rgrasp,R209,R,2,1,0,905.9,4,60000,1,854.8,5.978
rgrasp,R209,R,2,2,1,898.9,4,60000,1,854.8,5.159
rgrasp,R209,R,2,3,2,897.4,4,60000,1,854.8,4.984
rgrasp,R209,R,2,4,3,899.3,4,60000,1,854.8,5.206
rgrasp,R209,R,2,5,4,905.8,4,60002,1,854.8,5.966
rgrasp,R209,R,2,6,5,897.7,4,60003,1,854.8,5.019
rgrasp,R209,R,2,7,6,912.7,4,60000,1,854.8,6.774
rgrasp,R209,R,2,8,7,894.4,4,60002,1,854.8,4.633
rgrasp,R209,R,2,9,8,905.8,4,60000,1,854.8,5.966
rgrasp,R209,R,2,10,9,910.4,4,60002,1,854.8,6.504
rgrasp,R209,R,2,11,10,891.4,4,60000,1,854.8,4.282
rgrasp,R209,R,2,12,11,898.6,4,60000,1,854.8,5.124
rgrasp,R209,R,2,13,12,899.3,4,60000,1,854.8,5.206
rgrasp,R209,R,2,14,13,898.0,4,60000,1,854.8,5.054
rgrasp,R209,R,2,15,14,911.2,4,60000,1,854.8,6.598
rgrasp,R209,R,2,16,15,916.8,4,60000,1,854.8,7.253
rgrasp,R209,R,2,17,16,906.5,4,60000,1,854.8,6.048
rgrasp,R209,R,2,18,17,899.9,4,60000,1,854.8,5.276
rgrasp,R209,R,2,19,18,899.3,4,60000,1,854.8,5.206
rgrasp,R209,R,2,20,19,897.4,4,60000,1,854.8,4.984
rgrasp,R209,R,2,21,20,890.6,4,60000,1,854.8,4.188
rgrasp,R209,R,2,22,21,900.0,4,60000,1,854.8,5.288
rgrasp,R209,R,2,23,22,912.7,4,60000,1,854.8,6.774
rgrasp,R209,R,2,24,23,909.5,4,60000,1,854.8,6.399
rgrasp,R209,R,2,25,24,901.0,4,60000,1,854.8,5.405
rgrasp,R209,R,2,26,25,893.4,4,60002,1,854.8,4.516
rgrasp,R209,R,2,27,26,905.0,4,60000,1,854.8,5.873
rgrasp,R209,R,2,28,27,893.8,4,60000,1,854.8,4.562
rgrasp,R209,R,2,29,28,901.0,4,60000,1,854.8,5.405
rgrasp,R209,R,2,30,29,897.2,4,60000,1,854.8,4.960
tabu,R209,R,2,1,0,920.6,4,60003,1,854.8,7.698
vnd,R209,R,2,1,0,954.6,4,76,1,854.8,11.675
grasp,R211,R,2,1,0,802.3,3,60000,1,746.7,7.446
grasp,R211,R,2,2,1,809.5,3,60003,1,746.7,8.410
grasp,R211,R,2,3,2,799.7,3,60000,1,746.7,7.098
grasp,R211,R,2,4,3,791.6,3,60000,1,746.7,6.013
grasp,R211,R,2,5,4,793.4,3,60002,1,746.7,6.254
grasp,R211,R,2,6,5,797.8,3,60001,1,746.7,6.843
grasp,R211,R,2,7,6,807.7,3,60002,1,746.7,8.169
grasp,R211,R,2,8,7,800.0,3,60000,1,746.7,7.138
grasp,R211,R,2,9,8,802.9,3,60001,1,746.7,7.526
grasp,R211,R,2,10,9,798.0,3,60000,1,746.7,6.870
grasp,R211,R,2,11,10,803.2,3,60000,1,746.7,7.567
grasp,R211,R,2,12,11,811.1,3,60000,1,746.7,8.625
grasp,R211,R,2,13,12,808.8,3,60000,1,746.7,8.317
grasp,R211,R,2,14,13,818.0,3,60000,1,746.7,9.549
grasp,R211,R,2,15,14,800.9,3,60000,1,746.7,7.259
grasp,R211,R,2,16,15,805.7,3,60002,1,746.7,7.901
grasp,R211,R,2,17,16,804.9,3,60000,1,746.7,7.794
grasp,R211,R,2,18,17,816.1,3,60000,1,746.7,9.294
grasp,R211,R,2,19,18,797.9,3,60000,1,746.7,6.857
grasp,R211,R,2,20,19,807.8,3,60000,1,746.7,8.183
grasp,R211,R,2,21,20,788.3,3,60000,1,746.7,5.571
grasp,R211,R,2,22,21,810.3,3,60000,1,746.7,8.517
grasp,R211,R,2,23,22,801.2,3,60003,1,746.7,7.299
grasp,R211,R,2,24,23,803.5,3,60002,1,746.7,7.607
grasp,R211,R,2,25,24,792.5,3,60000,1,746.7,6.134
grasp,R211,R,2,26,25,792.3,3,60000,1,746.7,6.107
grasp,R211,R,2,27,26,801.1,3,60000,1,746.7,7.285
grasp,R211,R,2,28,27,794.3,3,60000,1,746.7,6.375
grasp,R211,R,2,29,28,789.0,3,60000,1,746.7,5.665
grasp,R211,R,2,30,29,800.5,3,60000,1,746.7,7.205
i1,R211,R,2,1,0,1013.4,3,0,1,746.7,35.717
rgrasp,R211,R,2,1,0,800.0,3,60000,1,746.7,7.138
rgrasp,R211,R,2,2,1,799.3,3,60000,1,746.7,7.044
rgrasp,R211,R,2,3,2,806.9,3,60001,1,746.7,8.062
rgrasp,R211,R,2,4,3,784.5,3,60000,1,746.7,5.062
rgrasp,R211,R,2,5,4,790.1,3,60000,1,746.7,5.812
rgrasp,R211,R,2,6,5,792.5,3,60000,1,746.7,6.134
rgrasp,R211,R,2,7,6,799.5,3,60000,1,746.7,7.071
rgrasp,R211,R,2,8,7,806.6,3,60003,1,746.7,8.022
rgrasp,R211,R,2,9,8,786.9,3,60000,1,746.7,5.384
rgrasp,R211,R,2,10,9,800.8,3,60002,1,746.7,7.245
rgrasp,R211,R,2,11,10,797.9,3,60000,1,746.7,6.857
rgrasp,R211,R,2,12,11,802.4,3,60000,1,746.7,7.459
rgrasp,R211,R,2,13,12,809.5,3,60000,1,746.7,8.410
rgrasp,R211,R,2,14,13,802.8,3,60000,1,746.7,7.513
rgrasp,R211,R,2,15,14,784.3,3,60000,1,746.7,5.035
rgrasp,R211,R,2,16,15,801.3,3,60000,1,746.7,7.312
rgrasp,R211,R,2,17,16,809.3,3,60000,1,746.7,8.384
rgrasp,R211,R,2,18,17,801.1,3,60000,1,746.7,7.285
rgrasp,R211,R,2,19,18,808.0,3,60001,1,746.7,8.209
rgrasp,R211,R,2,20,19,807.3,3,60000,1,746.7,8.116
rgrasp,R211,R,2,21,20,803.5,3,60001,1,746.7,7.607
rgrasp,R211,R,2,22,21,789.9,3,60000,1,746.7,5.785
rgrasp,R211,R,2,23,22,796.4,3,60000,1,746.7,6.656
rgrasp,R211,R,2,24,23,802.9,3,60000,1,746.7,7.526
rgrasp,R211,R,2,25,24,804.0,3,60000,1,746.7,7.674
rgrasp,R211,R,2,26,25,787.1,3,60000,1,746.7,5.410
rgrasp,R211,R,2,27,26,797.5,3,60000,1,746.7,6.803
rgrasp,R211,R,2,28,27,805.2,3,60000,1,746.7,7.834
rgrasp,R211,R,2,29,28,809.4,3,60000,1,746.7,8.397
rgrasp,R211,R,2,30,29,806.8,3,60000,1,746.7,8.049
tabu,R211,R,2,1,0,803.4,3,60008,1,746.7,7.593
vnd,R211,R,2,1,0,929.0,3,30,1,746.7,24.414
grasp,RC102,RC,1,1,0,1477.3,15,60000,1,1457.4,1.365
grasp,RC102,RC,1,2,1,1463.1,14,60001,1,1457.4,0.391
grasp,RC102,RC,1,3,2,1478.5,14,60000,1,1457.4,1.448
grasp,RC102,RC,1,4,3,1477.6,15,60001,1,1457.4,1.386
grasp,RC102,RC,1,5,4,1487.0,15,60001,1,1457.4,2.031
grasp,RC102,RC,1,6,5,1479.3,15,60001,1,1457.4,1.503
grasp,RC102,RC,1,7,6,1480.4,14,60000,1,1457.4,1.578
grasp,RC102,RC,1,8,7,1480.2,15,60000,1,1457.4,1.564
grasp,RC102,RC,1,9,8,1476.7,14,60000,1,1457.4,1.324
grasp,RC102,RC,1,10,9,1478.6,15,60001,1,1457.4,1.455
grasp,RC102,RC,1,11,10,1480.5,15,60000,1,1457.4,1.585
grasp,RC102,RC,1,12,11,1480.7,15,60000,1,1457.4,1.599
grasp,RC102,RC,1,13,12,1482.6,15,60000,1,1457.4,1.729
grasp,RC102,RC,1,14,13,1482.7,15,60000,1,1457.4,1.736
grasp,RC102,RC,1,15,14,1483.8,14,60001,1,1457.4,1.811
grasp,RC102,RC,1,16,15,1478.3,15,60000,1,1457.4,1.434
grasp,RC102,RC,1,17,16,1468.3,14,60000,1,1457.4,0.748
grasp,RC102,RC,1,18,17,1485.5,15,60001,1,1457.4,1.928
grasp,RC102,RC,1,19,18,1480.8,15,60000,1,1457.4,1.606
grasp,RC102,RC,1,20,19,1480.8,15,60000,1,1457.4,1.606
grasp,RC102,RC,1,21,20,1477.3,15,60000,1,1457.4,1.365
grasp,RC102,RC,1,22,21,1484.0,15,60000,1,1457.4,1.825
grasp,RC102,RC,1,23,22,1482.0,15,60000,1,1457.4,1.688
grasp,RC102,RC,1,24,23,1485.9,15,60000,1,1457.4,1.956
grasp,RC102,RC,1,25,24,1471.7,14,60000,1,1457.4,0.981
grasp,RC102,RC,1,26,25,1486.4,15,60000,1,1457.4,1.990
grasp,RC102,RC,1,27,26,1480.0,15,60000,1,1457.4,1.551
grasp,RC102,RC,1,28,27,1484.7,15,60000,1,1457.4,1.873
grasp,RC102,RC,1,29,28,1479.7,15,60000,1,1457.4,1.530
grasp,RC102,RC,1,30,29,1476.5,15,60001,1,1457.4,1.311
i1,RC102,RC,1,1,0,1813.3,15,0,1,1457.4,24.420
rgrasp,RC102,RC,1,1,0,1483.7,15,60001,1,1457.4,1.805
rgrasp,RC102,RC,1,2,1,1485.7,15,60000,1,1457.4,1.942
rgrasp,RC102,RC,1,3,2,1482.8,15,60000,1,1457.4,1.743
rgrasp,RC102,RC,1,4,3,1482.7,15,60000,1,1457.4,1.736
rgrasp,RC102,RC,1,5,4,1481.7,15,60000,1,1457.4,1.667
rgrasp,RC102,RC,1,6,5,1478.6,15,60000,1,1457.4,1.455
rgrasp,RC102,RC,1,7,6,1485.6,15,60000,1,1457.4,1.935
rgrasp,RC102,RC,1,8,7,1484.0,15,60000,1,1457.4,1.825
rgrasp,RC102,RC,1,9,8,1484.5,15,60000,1,1457.4,1.859
rgrasp,RC102,RC,1,10,9,1487.1,15,60000,1,1457.4,2.038
rgrasp,RC102,RC,1,11,10,1483.4,15,60000,1,1457.4,1.784
rgrasp,RC102,RC,1,12,11,1485.6,15,60000,1,1457.4,1.935
rgrasp,RC102,RC,1,13,12,1484.1,15,60001,1,1457.4,1.832
rgrasp,RC102,RC,1,14,13,1485.7,15,60001,1,1457.4,1.942
rgrasp,RC102,RC,1,15,14,1483.5,15,60000,1,1457.4,1.791
rgrasp,RC102,RC,1,16,15,1481.4,15,60000,1,1457.4,1.647
rgrasp,RC102,RC,1,17,16,1482.0,15,60000,1,1457.4,1.688
rgrasp,RC102,RC,1,18,17,1485.7,15,60000,1,1457.4,1.942
rgrasp,RC102,RC,1,19,18,1477.9,15,60000,1,1457.4,1.407
rgrasp,RC102,RC,1,20,19,1485.2,15,60000,1,1457.4,1.908
rgrasp,RC102,RC,1,21,20,1478.6,15,60000,1,1457.4,1.455
rgrasp,RC102,RC,1,22,21,1483.8,15,60000,1,1457.4,1.811
rgrasp,RC102,RC,1,23,22,1485.2,14,60000,1,1457.4,1.908
rgrasp,RC102,RC,1,24,23,1482.5,15,60000,1,1457.4,1.722
rgrasp,RC102,RC,1,25,24,1486.3,15,60000,1,1457.4,1.983
rgrasp,RC102,RC,1,26,25,1482.5,14,60000,1,1457.4,1.722
rgrasp,RC102,RC,1,27,26,1482.4,15,60000,1,1457.4,1.715
rgrasp,RC102,RC,1,28,27,1486.4,15,60000,1,1457.4,1.990
rgrasp,RC102,RC,1,29,28,1485.0,15,60000,1,1457.4,1.894
rgrasp,RC102,RC,1,30,29,1485.4,15,60001,1,1457.4,1.921
tabu,RC102,RC,1,1,0,1480.4,15,60001,1,1457.4,1.578
vnd,RC102,RC,1,1,0,1544.1,15,42,1,1457.4,5.949
grasp,RC103,RC,1,1,0,1300.9,12,60000,1,1258.0,3.410
grasp,RC103,RC,1,2,1,1292.8,12,60000,1,1258.0,2.766
grasp,RC103,RC,1,3,2,1300.2,12,60000,1,1258.0,3.355
grasp,RC103,RC,1,4,3,1291.3,12,60000,1,1258.0,2.647
grasp,RC103,RC,1,5,4,1296.8,12,60000,1,1258.0,3.084
grasp,RC103,RC,1,6,5,1296.4,11,60000,1,1258.0,3.052
grasp,RC103,RC,1,7,6,1296.4,12,60000,1,1258.0,3.052
grasp,RC103,RC,1,8,7,1285.8,11,60000,1,1258.0,2.210
grasp,RC103,RC,1,9,8,1284.8,12,60000,1,1258.0,2.130
grasp,RC103,RC,1,10,9,1288.8,12,60000,1,1258.0,2.448
grasp,RC103,RC,1,11,10,1288.4,12,60000,1,1258.0,2.417
grasp,RC103,RC,1,12,11,1293.0,12,60001,1,1258.0,2.782
grasp,RC103,RC,1,13,12,1288.8,11,60000,1,1258.0,2.448
grasp,RC103,RC,1,14,13,1286.9,12,60000,1,1258.0,2.297
grasp,RC103,RC,1,15,14,1305.0,12,60000,1,1258.0,3.736
grasp,RC103,RC,1,16,15,1285.3,12,60000,1,1258.0,2.170
grasp,RC103,RC,1,17,16,1298.4,12,60000,1,1258.0,3.211
grasp,RC103,RC,1,18,17,1289.5,11,60000,1,1258.0,2.504
grasp,RC103,RC,1,19,18,1294.7,12,60001,1,1258.0,2.917
grasp,RC103,RC,1,20,19,1312.5,12,60000,1,1258.0,4.332
grasp,RC103,RC,1,21,20,1296.6,12,60000,1,1258.0,3.068
grasp,RC103,RC,1,22,21,1289.2,12,60000,1,1258.0,2.480
grasp,RC103,RC,1,23,22,1293.2,12,60000,1,1258.0,2.798
grasp,RC103,RC,1,24,23,1289.2,12,60000,1,1258.0,2.480
grasp,RC103,RC,1,25,24,1296.0,12,60000,1,1258.0,3.021
grasp,RC103,RC,1,26,25,1297.4,12,60000,1,1258.0,3.132
grasp,RC103,RC,1,27,26,1296.5,12,60000,1,1258.0,3.060
grasp,RC103,RC,1,28,27,1296.1,12,60000,1,1258.0,3.029
grasp,RC103,RC,1,29,28,1300.9,12,60000,1,1258.0,3.410
grasp,RC103,RC,1,30,29,1298.0,12,60001,1,1258.0,3.180
i1,RC103,RC,1,1,0,1544.5,12,0,1,1258.0,22.774
rgrasp,RC103,RC,1,1,0,1287.9,12,60000,1,1258.0,2.377
rgrasp,RC103,RC,1,2,1,1273.2,11,60001,1,1258.0,1.208
rgrasp,RC103,RC,1,3,2,1304.4,12,60000,1,1258.0,3.688
rgrasp,RC103,RC,1,4,3,1279.8,12,60000,1,1258.0,1.733
rgrasp,RC103,RC,1,5,4,1277.0,11,60001,1,1258.0,1.510
rgrasp,RC103,RC,1,6,5,1301.8,12,60000,1,1258.0,3.482
rgrasp,RC103,RC,1,7,6,1299.4,12,60000,1,1258.0,3.291
rgrasp,RC103,RC,1,8,7,1300.1,12,60000,1,1258.0,3.347
rgrasp,RC103,RC,1,9,8,1288.6,12,60000,1,1258.0,2.432
rgrasp,RC103,RC,1,10,9,1301.4,12,60000,1,1258.0,3.450
rgrasp,RC103,RC,1,11,10,1302.0,12,60000,1,1258.0,3.498
rgrasp,RC103,RC,1,12,11,1297.6,12,60000,1,1258.0,3.148
rgrasp,RC103,RC,1,13,12,1295.0,12,60000,1,1258.0,2.941
rgrasp,RC103,RC,1,14,13,1309.1,12,60001,1,1258.0,4.062
rgrasp,RC103,RC,1,15,14,1280.2,11,60000,1,1258.0,1.765
rgrasp,RC103,RC,1,16,15,1290.4,12,60000,1,1258.0,2.576
rgrasp,RC103,RC,1,17,16,1303.8,12,60000,1,1258.0,3.641
rgrasp,RC103,RC,1,18,17,1295.6,12,60000,1,1258.0,2.989
rgrasp,RC103,RC,1,19,18,1285.5,11,60000,1,1258.0,2.186
rgrasp,RC103,RC,1,20,19,1302.1,12,60000,1,1258.0,3.506
rgrasp,RC103,RC,1,21,20,1289.3,12,60001,1,1258.0,2.488
rgrasp,RC103,RC,1,22,21,1300.3,12,60000,1,1258.0,3.362
rgrasp,RC103,RC,1,23,22,1305.4,12,60000,1,1258.0,3.768
rgrasp,RC103,RC,1,24,23,1288.4,11,60000,1,1258.0,2.417
rgrasp,RC103,RC,1,25,24,1294.9,12,60000,1,1258.0,2.933
rgrasp,RC103,RC,1,26,25,1292.8,11,60000,1,1258.0,2.766
rgrasp,RC103,RC,1,27,26,1278.4,12,60000,1,1258.0,1.622
rgrasp,RC103,RC,1,28,27,1296.0,12,60000,1,1258.0,3.021
rgrasp,RC103,RC,1,29,28,1309.8,12,60000,1,1258.0,4.118
rgrasp,RC103,RC,1,30,29,1282.3,11,60000,1,1258.0,1.932
tabu,RC103,RC,1,1,0,1305.1,12,60000,1,1258.0,3.744
vnd,RC103,RC,1,1,0,1403.1,12,27,1,1258.0,11.534
grasp,RC105,RC,1,1,0,1543.1,15,60000,1,1513.7,1.942
grasp,RC105,RC,1,2,1,1542.8,15,60000,1,1513.7,1.922
grasp,RC105,RC,1,3,2,1536.7,16,60000,1,1513.7,1.519
grasp,RC105,RC,1,4,3,1542.8,16,60000,1,1513.7,1.922
grasp,RC105,RC,1,5,4,1547.1,15,60000,1,1513.7,2.207
grasp,RC105,RC,1,6,5,1541.6,16,60001,1,1513.7,1.843
grasp,RC105,RC,1,7,6,1545.4,16,60000,1,1513.7,2.094
grasp,RC105,RC,1,8,7,1538.4,15,60000,1,1513.7,1.632
grasp,RC105,RC,1,9,8,1536.1,15,60000,1,1513.7,1.480
grasp,RC105,RC,1,10,9,1550.8,15,60000,1,1513.7,2.451
grasp,RC105,RC,1,11,10,1553.0,16,60000,1,1513.7,2.596
grasp,RC105,RC,1,12,11,1544.6,16,60000,1,1513.7,2.041
grasp,RC105,RC,1,13,12,1547.4,15,60000,1,1513.7,2.226
grasp,RC105,RC,1,14,13,1542.3,15,60000,1,1513.7,1.889
grasp,RC105,RC,1,15,14,1541.7,15,60000,1,1513.7,1.850
grasp,RC105,RC,1,16,15,1536.6,15,60000,1,1513.7,1.513
grasp,RC105,RC,1,17,16,1533.6,16,60002,1,1513.7,1.315
grasp,RC105,RC,1,18,17,1536.9,15,60000,1,1513.7,1.533
grasp,RC105,RC,1,19,18,1538.9,15,60000,1,1513.7,1.665
grasp,RC105,RC,1,20,19,1544.0,16,60000,1,1513.7,2.002
grasp,RC105,RC,1,21,20,1542.0,15,60000,1,1513.7,1.870
grasp,RC105,RC,1,22,21,1543.5,16,60000,1,1513.7,1.969
grasp,RC105,RC,1,23,22,1539.5,16,60000,1,1513.7,1.704
grasp,RC105,RC,1,24,23,1542.1,15,60001,1,1513.7,1.876
grasp,RC105,RC,1,25,24,1542.4,16,60000,1,1513.7,1.896
grasp,RC105,RC,1,26,25,1544.0,16,60000,1,1513.7,2.002
grasp,RC105,RC,1,27,26,1533.3,16,60000,1,1513.7,1.295
grasp,RC105,RC,1,28,27,1541.3,15,60000,1,1513.7,1.823
grasp,RC105,RC,1,29,28,1539.6,16,60000,1,1513.7,1.711
grasp,RC105,RC,1,30,29,1525.9,15,60000,1,1513.7,0.806
i1,RC105,RC,1,1,0,1838.0,16,0,1,1513.7,21.424
rgrasp,RC105,RC,1,1,0,1530.2,15,60000,1,1513.7,1.090
rgrasp,RC105,RC,1,2,1,1544.7,16,60001,1,1513.7,2.048
rgrasp,RC105,RC,1,3,2,1538.7,15,60001,1,1513.7,1.652
rgrasp,RC105,RC,1,4,3,1532.4,15,60000,1,1513.7,1.235
rgrasp,RC105,RC,1,5,4,1549.2,16,60000,1,1513.7,2.345
rgrasp,RC105,RC,1,6,5,1535.3,16,60000,1,1513.7,1.427
rgrasp,RC105,RC,1,7,6,1541.2,16,60000,1,1513.7,1.817
rgrasp,RC105,RC,1,8,7,1536.6,16,60000,1,1513.7,1.513
rgrasp,RC105,RC,1,9,8,1521.2,15,60000,1,1513.7,0.495
rgrasp,RC105,RC,1,10,9,1531.8,16,60001,1,1513.7,1.196
rgrasp,RC105,RC,1,11,10,1543.4,16,60000,1,1513.7,1.962
rgrasp,RC105,RC,1,12,11,1533.7,15,60000,1,1513.7,1.321
rgrasp,RC105,RC,1,13,12,1551.6,16,60000,1,1513.7,2.504
rgrasp,RC105,RC,1,14,13,1537.3,15,60000,1,1513.7,1.559
rgrasp,RC105,RC,1,15,14,1533.5,15,60000,1,1513.7,1.308
rgrasp,RC105,RC,1,16,15,1531.4,16,60000,1,1513.7,1.169
rgrasp,RC105,RC,1,17,16,1539.0,16,60000,1,1513.7,1.671
rgrasp,RC105,RC,1,18,17,1537.3,16,60000,1,1513.7,1.559
rgrasp,RC105,RC,1,19,18,1542.9,15,60000,1,1513.7,1.929
rgrasp,RC105,RC,1,20,19,1545.0,16,60000,1,1513.7,2.068
rgrasp,RC105,RC,1,21,20,1547.0,16,60001,1,1513.7,2.200
rgrasp,RC105,RC,1,22,21,1540.8,15,60000,1,1513.7,1.790
rgrasp,RC105,RC,1,23,22,1550.3,16,60001,1,1513.7,2.418
rgrasp,RC105,RC,1,24,23,1549.3,16,60000,1,1513.7,2.352
rgrasp,RC105,RC,1,25,24,1546.8,16,60000,1,1513.7,2.187
rgrasp,RC105,RC,1,26,25,1538.4,15,60000,1,1513.7,1.632
rgrasp,RC105,RC,1,27,26,1538.9,16,60000,1,1513.7,1.665
rgrasp,RC105,RC,1,28,27,1547.4,16,60000,1,1513.7,2.226
rgrasp,RC105,RC,1,29,28,1544.8,16,60000,1,1513.7,2.055
rgrasp,RC105,RC,1,30,29,1536.2,16,60001,1,1513.7,1.486
tabu,RC105,RC,1,1,0,1514.9,15,60002,1,1513.7,0.079
vnd,RC105,RC,1,1,0,1599.6,15,31,1,1513.7,5.675
grasp,RC108,RC,1,1,0,1130.7,11,60000,1,1114.2,1.481
grasp,RC108,RC,1,2,1,1138.9,11,60000,1,1114.2,2.217
grasp,RC108,RC,1,3,2,1145.3,11,60000,1,1114.2,2.791
grasp,RC108,RC,1,4,3,1134.3,11,60000,1,1114.2,1.804
grasp,RC108,RC,1,5,4,1137.4,11,60001,1,1114.2,2.082
grasp,RC108,RC,1,6,5,1140.3,11,60000,1,1114.2,2.342
grasp,RC108,RC,1,7,6,1136.5,11,60000,1,1114.2,2.001
grasp,RC108,RC,1,8,7,1128.8,11,60001,1,1114.2,1.310
grasp,RC108,RC,1,9,8,1143.8,11,60000,1,1114.2,2.657
grasp,RC108,RC,1,10,9,1142.5,11,60000,1,1114.2,2.540
grasp,RC108,RC,1,11,10,1133.9,11,60000,1,1114.2,1.768
grasp,RC108,RC,1,12,11,1130.9,11,60000,1,1114.2,1.499
grasp,RC108,RC,1,13,12,1131.0,12,60000,1,1114.2,1.508
grasp,RC108,RC,1,14,13,1133.5,11,60000,1,1114.2,1.732
grasp,RC108,RC,1,15,14,1139.0,11,60000,1,1114.2,2.226
grasp,RC108,RC,1,16,15,1132.5,11,60000,1,1114.2,1.642
grasp,RC108,RC,1,17,16,1125.3,11,60000,1,1114.2,0.996
grasp,RC108,RC,1,18,17,1134.4,11,60000,1,1114.2,1.813
grasp,RC108,RC,1,19,18,1142.0,11,60002,1,1114.2,2.495
grasp,RC108,RC,1,20,19,1142.5,11,60001,1,1114.2,2.540
grasp,RC108,RC,1,21,20,1125.3,11,60000,1,1114.2,0.996
grasp,RC108,RC,1,22,21,1139.3,11,60000,1,1114.2,2.253
grasp,RC108,RC,1,23,22,1132.6,11,60000,1,1114.2,1.651
grasp,RC108,RC,1,24,23,1132.5,11,60000,1,1114.2,1.642
grasp,RC108,RC,1,25,24,1142.8,11,60002,1,1114.2,2.567
grasp,RC108,RC,1,26,25,1141.6,11,60000,1,1114.2,2.459
grasp,RC108,RC,1,27,26,1133.2,11,60000,1,1114.2,1.705
grasp,RC108,RC,1,28,27,1147.1,11,60000,1,1114.2,2.953
grasp,RC108,RC,1,29,28,1121.6,11,60000,1,1114.2,0.664
grasp,RC108,RC,1,30,29,1132.5,11,60000,1,1114.2,1.642
i1,RC108,RC,1,1,0,1368.2,11,0,1,1114.2,22.797
rgrasp,RC108,RC,1,1,0,1139.4,11,60000,1,1114.2,2.262
rgrasp,RC108,RC,1,2,1,1141.2,11,60000,1,1114.2,2.423
rgrasp,RC108,RC,1,3,2,1135.8,11,60000,1,1114.2,1.939
rgrasp,RC108,RC,1,4,3,1145.9,11,60000,1,1114.2,2.845
rgrasp,RC108,RC,1,5,4,1143.7,11,60000,1,1114.2,2.648
rgrasp,RC108,RC,1,6,5,1136.5,11,60001,1,1114.2,2.001
rgrasp,RC108,RC,1,7,6,1141.0,11,60000,1,1114.2,2.405
rgrasp,RC108,RC,1,8,7,1140.2,11,60001,1,1114.2,2.334
rgrasp,RC108,RC,1,9,8,1126.6,11,60000,1,1114.2,1.113
rgrasp,RC108,RC,1,10,9,1143.2,11,60000,1,1114.2,2.603
rgrasp,RC108,RC,1,11,10,1140.8,11,60001,1,1114.2,2.387
rgrasp,RC108,RC,1,12,11,1140.2,11,60000,1,1114.2,2.334
rgrasp,RC108,RC,1,13,12,1136.5,11,60000,1,1114.2,2.001
rgrasp,RC108,RC,1,14,13,1137.8,11,60000,1,1114.2,2.118
rgrasp,RC108,RC,1,15,14,1144.0,11,60000,1,1114.2,2.675
rgrasp,RC108,RC,1,17,16,1139.0,11,60002,1,1114.2,2.226
rgrasp,RC108,RC,1,18,17,1138.4,11,60000,1,1114.2,2.172
rgrasp,RC108,RC,1,19,18,1133.0,11,60000,1,1114.2,1.687
rgrasp,RC108,RC,1,20,19,1126.4,11,60000,1,1114.2,1.095
rgrasp,RC108,RC,1,21,20,1140.5,11,60001,1,1114.2,2.360
rgrasp,RC108,RC,1,22,21,1140.3,11,60000,1,1114.2,2.342
rgrasp,RC108,RC,1,23,22,1126.4,11,60000,1,1114.2,1.095
rgrasp,RC108,RC,1,24,23,1129.8,11,60000,1,1114.2,1.400
rgrasp,RC108,RC,1,25,24,1123.8,11,60000,1,1114.2,0.862
rgrasp,RC108,RC,1,26,25,1136.5,11,60000,1,1114.2,2.001
rgrasp,RC108,RC,1,27,26,1127.6,11,60000,1,1114.2,1.203
rgrasp,RC108,RC,1,28,27,1139.2,11,60001,1,1114.2,2.244
rgrasp,RC108,RC,1,29,28,1140.2,11,60000,1,1114.2,2.334
rgrasp,RC108,RC,1,30,29,1137.4,11,60000,1,1114.2,2.082
tabu,RC108,RC,1,1,0,1139.4,11,60004,1,1114.2,2.262
vnd,RC108,RC,1,1,0,1183.3,11,31,1,1114.2,6.202
grasp,RC202,RC,2,1,0,1158.7,5,60000,1,1092.3,6.079
grasp,RC202,RC,2,2,1,1158.7,5,60000,1,1092.3,6.079
grasp,RC202,RC,2,3,2,1192.3,5,60000,1,1092.3,9.155
grasp,RC202,RC,2,4,3,1177.3,5,60000,1,1092.3,7.782
grasp,RC202,RC,2,5,4,1171.3,5,60000,1,1092.3,7.232
grasp,RC202,RC,2,6,5,1166.9,5,60001,1,1092.3,6.830
grasp,RC202,RC,2,7,6,1181.2,5,60000,1,1092.3,8.139
grasp,RC202,RC,2,8,7,1179.4,5,60000,1,1092.3,7.974
grasp,RC202,RC,2,9,8,1158.8,5,60000,1,1092.3,6.088
grasp,RC202,RC,2,10,9,1166.0,5,60000,1,1092.3,6.747
grasp,RC202,RC,2,11,10,1174.7,5,60000,1,1092.3,7.544
grasp,RC202,RC,2,12,11,1189.9,5,60000,1,1092.3,8.935
grasp,RC202,RC,2,13,12,1164.0,5,60000,1,1092.3,6.564
grasp,RC202,RC,2,14,13,1171.7,5,60000,1,1092.3,7.269
grasp,RC202,RC,2,15,14,1182.6,5,60000,1,1092.3,8.267
grasp,RC202,RC,2,16,15,1204.5,5,60001,1,1092.3,10.272
grasp,RC202,RC,2,17,16,1168.2,5,60000,1,1092.3,6.949
grasp,RC202,RC,2,18,17,1149.4,5,60000,1,1092.3,5.228
grasp,RC202,RC,2,19,18,1172.2,5,60000,1,1092.3,7.315
grasp,RC202,RC,2,20,19,1140.7,5,60000,1,1092.3,4.431
grasp,RC202,RC,2,21,20,1177.5,5,60000,1,1092.3,7.800
grasp,RC202,RC,2,22,21,1192.1,5,60000,1,1092.3,9.137
grasp,RC202,RC,2,23,22,1182.6,5,60000,1,1092.3,8.267
grasp,RC202,RC,2,24,23,1163.6,5,60000,1,1092.3,6.528
grasp,RC202,RC,2,25,24,1184.7,5,60000,1,1092.3,8.459
grasp,RC202,RC,2,26,25,1167.0,5,60000,1,1092.3,6.839
grasp,RC202,RC,2,27,26,1174.2,5,60000,1,1092.3,7.498
grasp,RC202,RC,2,28,27,1174.2,5,60000,1,1092.3,7.498
grasp,RC202,RC,2,29,28,1167.5,5,60000,1,1092.3,6.885
grasp,RC202,RC,2,30,29,1133.8,5,60000,1,1092.3,3.799
i1,RC202,RC,2,1,0,1783.8,4,0,1,1092.3,63.307
rgrasp,RC202,RC,2,1,0,1177.9,5,60001,1,1092.3,7.837
rgrasp,RC202,RC,2,2,1,1162.2,5,60000,1,1092.3,6.399
rgrasp,RC202,RC,2,3,2,1151.5,5,60000,1,1092.3,5.420
rgrasp,RC202,RC,2,4,3,1160.8,5,60000,1,1092.3,6.271
rgrasp,RC202,RC,2,5,4,1171.0,5,60000,1,1092.3,7.205
rgrasp,RC202,RC,2,6,5,1168.9,5,60000,1,1092.3,7.013
rgrasp,RC202,RC,2,7,6,1174.7,5,60000,1,1092.3,7.544
rgrasp,RC202,RC,2,8,7,1179.9,5,60000,1,1092.3,8.020
rgrasp,RC202,RC,2,9,8,1167.9,5,60000,1,1092.3,6.921
rgrasp,RC202,RC,2,10,9,1151.0,5,60000,1,1092.3,5.374
rgrasp,RC202,RC,2,11,10,1179.1,5,60000,1,1092.3,7.947
rgrasp,RC202,RC,2,12,11,1172.0,5,60001,1,1092.3,7.297
rgrasp,RC202,RC,2,13,12,1177.1,5,60002,1,1092.3,7.763
rgrasp,RC202,RC,2,14,13,1162.0,5,60000,1,1092.3,6.381
rgrasp,RC202,RC,2,15,14,1172.4,5,60000,1,1092.3,7.333
rgrasp,RC202,RC,2,16,15,1174.2,5,60001,1,1092.3,7.498
rgrasp,RC202,RC,2,17,16,1182.7,4,60000,1,1092.3,8.276
rgrasp,RC202,RC,2,18,17,1176.4,5,60000,1,1092.3,7.699
rgrasp,RC202,RC,2,19,18,1146.6,5,60000,1,1092.3,4.971
rgrasp,RC202,RC,2,20,19,1184.6,5,60000,1,1092.3,8.450
rgrasp,RC202,RC,2,21,20,1170.7,5,60000,1,1092.3,7.178
rgrasp,RC202,RC,2,22,21,1194.8,5,60000,1,1092.3,9.384
rgrasp,RC202,RC,2,23,22,1174.7,5,60000,1,1092.3,7.544
rgrasp,RC202,RC,2,24,23,1166.5,5,60000,1,1092.3,6.793
rgrasp,RC202,RC,2,25,24,1183.7,5,60000,1,1092.3,8.368
rgrasp,RC202,RC,2,26,25,1171.3,5,60000,1,1092.3,7.232
rgrasp,RC202,RC,2,27,26,1187.6,5,60000,1,1092.3,8.725
rgrasp,RC202,RC,2,28,27,1184.4,5,60000,1,1092.3,8.432
rgrasp,RC202,RC,2,29,28,1169.8,5,60001,1,1092.3,7.095
rgrasp,RC202,RC,2,30,29,1184.5,4,60000,1,1092.3,8.441
tabu,RC202,RC,2,1,0,1223.7,4,60000,1,1092.3,12.030
vnd,RC202,RC,2,1,0,1405.3,4,39,1,1092.3,28.655
grasp,RC203,RC,2,1,0,998.9,4,60000,1,923.7,8.141
grasp,RC203,RC,2,2,1,1008.6,4,60002,1,923.7,9.191
grasp,RC203,RC,2,3,2,1005.3,4,60000,1,923.7,8.834
grasp,RC203,RC,2,4,3,995.7,4,60000,1,923.7,7.795
grasp,RC203,RC,2,5,4,978.4,4,60000,1,923.7,5.922
grasp,RC203,RC,2,6,5,976.4,4,60002,1,923.7,5.705
grasp,RC203,RC,2,7,6,973.0,4,60001,1,923.7,5.337
grasp,RC203,RC,2,8,7,1007.4,4,60000,1,923.7,9.061
grasp,RC203,RC,2,9,8,1005.0,4,60000,1,923.7,8.802
grasp,RC203,RC,2,10,9,996.9,4,60000,1,923.7,7.925
grasp,RC203,RC,2,11,10,982.6,4,60000,1,923.7,6.377
grasp,RC203,RC,2,12,11,988.3,4,60003,1,923.7,6.994
grasp,RC203,RC,2,13,12,971.5,4,60002,1,923.7,5.175
grasp,RC203,RC,2,14,13,997.3,5,60000,1,923.7,7.968
grasp,RC203,RC,2,15,14,1007.2,4,60000,1,923.7,9.040
grasp,RC203,RC,2,16,15,972.8,4,60001,1,923.7,5.316
grasp,RC203,RC,2,17,16,995.6,4,60003,1,923.7,7.784
grasp,RC203,RC,2,18,17,981.4,5,60001,1,923.7,6.247
grasp,RC203,RC,2,19,18,980.0,4,60001,1,923.7,6.095
grasp,RC203,RC,2,20,19,1002.7,4,60000,1,923.7,8.553
grasp,RC203,RC,2,21,20,1008.7,4,60000,1,923.7,9.202
grasp,RC203,RC,2,22,21,977.4,4,60000,1,923.7,5.814
grasp,RC203,RC,2,23,22,972.7,4,60000,1,923.7,5.305
grasp,RC203,RC,2,24,23,993.5,4,60000,1,923.7,7.557
grasp,RC203,RC,2,25,24,982.8,4,60000,1,923.7,6.398
grasp,RC203,RC,2,26,25,1008.9,4,60000,1,923.7,9.224
grasp,RC203,RC,2,27,26,971.8,4,60001,1,923.7,5.207
grasp,RC203,RC,2,28,27,967.4,4,60000,1,923.7,4.731
grasp,RC203,RC,2,29,28,980.0,4,60000,1,923.7,6.095
grasp,RC203,RC,2,30,29,993.9,4,60000,1,923.7,7.600
i1,RC203,RC,2,1,0,1528.8,4,0,1,923.7,65.508
rgrasp,RC203,RC,2,1,0,961.7,5,60000,1,923.7,4.114
rgrasp,RC203,RC,2,2,1,972.9,5,60000,1,923.7,5.326
rgrasp,RC203,RC,2,3,2,998.9,4,60000,1,923.7,8.141
rgrasp,RC203,RC,2,4,3,981.5,4,60000,1,923.7,6.257
rgrasp,RC203,RC,2,5,4,979.6,4,60000,1,923.7,6.052
rgrasp,RC203,RC,2,6,5,1002.8,4,60002,1,923.7,8.563
rgrasp,RC203,RC,2,7,6,990.0,4,60000,1,923.7,7.178
rgrasp,RC203,RC,2,8,7,993.9,4,60001,1,923.7,7.600
rgrasp,RC203,RC,2,9,8,990.5,5,60000,1,923.7,7.232
rgrasp,RC203,RC,2,10,9,1019.7,4,60000,1,923.7,10.393
rgrasp,RC203,RC,2,11,10,983.2,4,60000,1,923.7,6.441
rgrasp,RC203,RC,2,12,11,990.9,4,60000,1,923.7,7.275
rgrasp,RC203,RC,2,13,12,996.8,4,60000,1,923.7,7.914
rgrasp,RC203,RC,2,14,13,1000.1,4,60000,1,923.7,8.271
rgrasp,RC203,RC,2,15,14,990.4,4,60000,1,923.7,7.221
rgrasp,RC203,RC,2,16,15,991.8,4,60000,1,923.7,7.373
rgrasp,RC203,RC,2,17,16,993.0,4,60002,1,923.7,7.502
rgrasp,RC203,RC,2,18,17,987.2,4,60000,1,923.7,6.875
rgrasp,RC203,RC,2,19,18,1011.4,4,60000,1,923.7,9.494
rgrasp,RC203,RC,2,20,19,999.1,4,60000,1,923.7,8.163
rgrasp,RC203,RC,2,21,20,996.5,4,60000,1,923.7,7.881
rgrasp,RC203,RC,2,22,21,998.9,4,60000,1,923.7,8.141
rgrasp,RC203,RC,2,23,22,996.4,4,60000,1,923.7,7.871
rgrasp,RC203,RC,2,24,23,987.5,5,60002,1,923.7,6.907
rgrasp,RC203,RC,2,25,24,994.4,4,60002,1,923.7,7.654
rgrasp,RC203,RC,2,26,25,973.7,5,60000,1,923.7,5.413
rgrasp,RC203,RC,2,27,26,989.8,4,60001,1,923.7,7.156
rgrasp,RC203,RC,2,28,27,977.2,4,60000,1,923.7,5.792
rgrasp,RC203,RC,2,29,28,980.9,5,60000,1,923.7,6.192
rgrasp,RC203,RC,2,30,29,976.6,4,60000,1,923.7,5.727
tabu,RC203,RC,2,1,0,1016.9,4,60003,1,923.7,10.090
vnd,RC203,RC,2,1,0,1119.5,4,76,1,923.7,21.197
grasp,RC206,RC,2,1,0,1094.5,5,60002,1,1051.1,4.129
grasp,RC206,RC,2,2,1,1099.8,5,60000,1,1051.1,4.633
grasp,RC206,RC,2,3,2,1082.5,5,60000,1,1051.1,2.987
grasp,RC206,RC,2,4,3,1086.5,5,60000,1,1051.1,3.368
grasp,RC206,RC,2,5,4,1090.4,4,60000,1,1051.1,3.739
grasp,RC206,RC,2,6,5,1101.9,5,60001,1,1051.1,4.833
grasp,RC206,RC,2,7,6,1094.0,4,60000,1,1051.1,4.081
grasp,RC206,RC,2,8,7,1091.7,4,60000,1,1051.1,3.863
grasp,RC206,RC,2,9,8,1102.8,5,60000,1,1051.1,4.919
grasp,RC206,RC,2,10,9,1105.4,5,60001,1,1051.1,5.166
grasp,RC206,RC,2,11,10,1102.0,4,60000,1,1051.1,4.843
grasp,RC206,RC,2,12,11,1109.4,4,60002,1,1051.1,5.547
grasp,RC206,RC,2,13,12,1102.6,4,60000,1,1051.1,4.900
grasp,RC206,RC,2,14,13,1115.4,4,60001,1,1051.1,6.117
grasp,RC206,RC,2,15,14,1093.8,5,60000,1,1051.1,4.062
grasp,RC206,RC,2,16,15,1097.0,5,60000,1,1051.1,4.367
grasp,RC206,RC,2,17,16,1100.1,4,60000,1,1051.1,4.662
grasp,RC206,RC,2,18,17,1105.6,4,60000,1,1051.1,5.185
grasp,RC206,RC,2,19,18,1107.3,4,60000,1,1051.1,5.347
grasp,RC206,RC,2,20,19,1099.7,4,60000,1,1051.1,4.624
grasp,RC206,RC,2,21,20,1090.1,4,60000,1,1051.1,3.710
grasp,RC206,RC,2,22,21,1112.1,5,60000,1,1051.1,5.803
grasp,RC206,RC,2,23,22,1094.0,4,60000,1,1051.1,4.081
grasp,RC206,RC,2,24,23,1090.4,4,60000,1,1051.1,3.739
grasp,RC206,RC,2,25,24,1093.0,5,60000,1,1051.1,3.986
grasp,RC206,RC,2,26,25,1099.4,4,60002,1,1051.1,4.595
grasp,RC206,RC,2,27,26,1115.3,4,60000,1,1051.1,6.108
grasp,RC206,RC,2,28,27,1091.5,4,60000,1,1051.1,3.844
grasp,RC206,RC,2,29,28,1085.3,4,60002,1,1051.1,3.254
grasp,RC206,RC,2,30,29,1091.5,4,60002,1,1051.1,3.844
i1,RC206,RC,2,1,0,1743.1,4,0,1,1051.1,65.836
rgrasp,RC206,RC,2,1,0,1113.2,4,60000,1,1051.1,5.908
rgrasp,RC206,RC,2,2,1,1113.2,4,60000,1,1051.1,5.908
rgrasp,RC206,RC,2,3,2,1103.2,5,60000,1,1051.1,4.957
rgrasp,RC206,RC,2,4,3,1091.1,5,60000,1,1051.1,3.806
rgrasp,RC206,RC,2,5,4,1123.4,5,60003,1,1051.1,6.879
rgrasp,RC206,RC,2,6,5,1097.5,4,60000,1,1051.1,4.414
rgrasp,RC206,RC,2,7,6,1114.0,4,60000,1,1051.1,5.984
rgrasp,RC206,RC,2,8,7,1118.7,4,60000,1,1051.1,6.431
rgrasp,RC206,RC,2,9,8,1106.1,4,60000,1,1051.1,5.233
rgrasp,RC206,RC,2,10,9,1097.0,4,60000,1,1051.1,4.367
rgrasp,RC206,RC,2,11,10,1096.7,4,60000,1,1051.1,4.338
rgrasp,RC206,RC,2,12,11,1094.6,4,60000,1,1051.1,4.139
rgrasp,RC206,RC,2,13,12,1101.9,5,60002,1,1051.1,4.833
rgrasp,RC206,RC,2,14,13,1096.2,4,60000,1,1051.1,4.291
rgrasp,RC206,RC,2,15,14,1094.6,4,60000,1,1051.1,4.139
rgrasp,RC206,RC,2,16,15,1113.8,4,60000,1,1051.1,5.965
rgrasp,RC206,RC,2,17,16,1104.3,4,60002,1,1051.1,5.061
rgrasp,RC206,RC,2,18,17,1110.9,4,60000,1,1051.1,5.689
rgrasp,RC206,RC,2,19,18,1104.9,5,60000,1,1051.1,5.118
rgrasp,RC206,RC,2,20,19,1086.5,5,60000,1,1051.1,3.368
rgrasp,RC206,RC,2,21,20,1104.8,5,60002,1,1051.1,5.109
rgrasp,RC206,RC,2,22,21,1114.8,4,60000,1,1051.1,6.060
rgrasp,RC206,RC,2,23,22,1107.1,4,60000,1,1051.1,5.328
rgrasp,RC206,RC,2,24,23,1116.8,4,60000,1,1051.1,6.251
rgrasp,RC206,RC,2,25,24,1090.4,5,60000,1,1051.1,3.739
rgrasp,RC206,RC,2,26,25,1117.1,4,60001,1,1051.1,6.279
rgrasp,RC206,RC,2,27,26,1104.3,4,60000,1,1051.1,5.061
rgrasp,RC206,RC,2,28,27,1095.5,4,60000,1,1051.1,4.224
rgrasp,RC206,RC,2,29,28,1115.5,5,60000,1,1051.1,6.127
rgrasp,RC206,RC,2,30,29,1106.3,5,60000,1,1051.1,5.252
tabu,RC206,RC,2,1,0,1130.9,4,60003,1,1051.1,7.592
vnd,RC206,RC,2,1,0,1218.2,4,61,1,1051.1,15.898
grasp,RC208,RC,2,1,0,860.0,3,60000,1,776.1,10.810
grasp,RC208,RC,2,2,1,881.5,3,60000,1,776.1,13.581
grasp,RC208,RC,2,3,2,872.6,3,60000,1,776.1,12.434
grasp,RC208,RC,2,4,3,881.1,3,60000,1,776.1,13.529
grasp,RC208,RC,2,5,4,843.7,3,60003,1,776.1,8.710
grasp,RC208,RC,2,6,5,876.4,3,60000,1,776.1,12.924
grasp,RC208,RC,2,7,6,882.3,3,60000,1,776.1,13.684
grasp,RC208,RC,2,8,7,875.4,3,60000,1,776.1,12.795
grasp,RC208,RC,2,9,8,855.2,3,60000,1,776.1,10.192
grasp,RC208,RC,2,10,9,869.6,3,60000,1,776.1,12.047
grasp,RC208,RC,2,11,10,871.3,3,60001,1,776.1,12.266
grasp,RC208,RC,2,12,11,852.3,3,60002,1,776.1,9.818
grasp,RC208,RC,2,13,12,852.5,3,60000,1,776.1,9.844
grasp,RC208,RC,2,14,13,872.9,3,60000,1,776.1,12.473
grasp,RC208,RC,2,15,14,854.5,4,60000,1,776.1,10.102
grasp,RC208,RC,2,16,15,869.4,3,60001,1,776.1,12.022
grasp,RC208,RC,2,17,16,866.7,4,60000,1,776.1,11.674
grasp,RC208,RC,2,18,17,875.4,3,60000,1,776.1,12.795
grasp,RC208,RC,2,19,18,873.5,3,60000,1,776.1,12.550
grasp,RC208,RC,2,20,19,863.1,3,60000,1,776.1,11.210
grasp,RC208,RC,2,21,20,866.3,3,60001,1,776.1,11.622
grasp,RC208,RC,2,22,21,852.5,3,60000,1,776.1,9.844
grasp,RC208,RC,2,23,22,836.9,4,60001,1,776.1,7.834
grasp,RC208,RC,2,24,23,868.5,3,60000,1,776.1,11.906
grasp,RC208,RC,2,25,24,866.9,3,60000,1,776.1,11.700
grasp,RC208,RC,2,26,25,840.3,3,60000,1,776.1,8.272
grasp,RC208,RC,2,27,26,861.9,3,60000,1,776.1,11.055
grasp,RC208,RC,2,28,27,873.2,3,60002,1,776.1,12.511
grasp,RC208,RC,2,29,28,862.8,3,60000,1,776.1,11.171
grasp,RC208,RC,2,30,29,873.5,4,60000,1,776.1,12.550
i1,RC208,RC,2,1,0,1155.9,3,0,1,776.1,48.937
rgrasp,RC208,RC,2,1,0,873.1,3,60000,1,776.1,12.498
rgrasp,RC208,RC,2,2,1,861.0,4,60000,1,776.1,10.939
rgrasp,RC208,RC,2,3,2,852.6,4,60000,1,776.1,9.857
rgrasp,RC208,RC,2,4,3,878.6,4,60000,1,776.1,13.207
rgrasp,RC208,RC,2,5,4,817.6,4,60000,1,776.1,5.347
rgrasp,RC208,RC,2,6,5,868.3,4,60000,1,776.1,11.880
rgrasp,RC208,RC,2,7,6,864.2,4,60001,1,776.1,11.352
rgrasp,RC208,RC,2,8,7,870.1,4,60000,1,776.1,12.112
rgrasp,RC208,RC,2,9,8,846.6,3,60000,1,776.1,9.084
rgrasp,RC208,RC,2,10,9,842.3,4,60000,1,776.1,8.530
rgrasp,RC208,RC,2,11,10,872.2,4,60000,1,776.1,12.382
rgrasp,RC208,RC,2,12,11,860.3,4,60000,1,776.1,10.849
rgrasp,RC208,RC,2,13,12,877.0,4,60000,1,776.1,13.001
rgrasp,RC208,RC,2,14,13,846.9,4,60001,1,776.1,9.123
rgrasp,RC208,RC,2,15,14,855.1,4,60000,1,776.1,10.179
rgrasp,RC208,RC,2,16,15,812.6,4,60000,1,776.1,4.703
rgrasp,RC208,RC,2,17,16,840.3,4,60000,1,776.1,8.272
rgrasp,RC208,RC,2,18,17,864.8,4,60000,1,776.1,11.429
rgrasp,RC208,RC,2,19,18,843.7,4,60000,1,776.1,8.710
rgrasp,RC208,RC,2,20,19,848.7,4,60000,1,776.1,9.354
rgrasp,RC208,RC,2,21,20,873.1,3,60000,1,776.1,12.498
rgrasp,RC208,RC,2,22,21,875.4,4,60000,1,776.1,12.795
rgrasp,RC208,RC,2,23,22,825.5,4,60001,1,776.1,6.365
rgrasp,RC208,RC,2,24,23,867.6,4,60000,1,776.1,11.790
rgrasp,RC208,RC,2,25,24,845.2,4,60000,1,776.1,8.903
rgrasp,RC208,RC,2,26,25,871.9,3,60000,1,776.1,12.344
rgrasp,RC208,RC,2,27,26,820.3,4,60000,1,776.1,5.695
rgrasp,RC208,RC,2,28,27,870.9,3,60001,1,776.1,12.215
rgrasp,RC208,RC,2,29,28,832.2,4,60000,1,776.1,7.228
rgrasp,RC208,RC,2,30,29,876.8,4,60000,1,776.1,12.975
tabu,RC208,RC,2,1,0,915.4,3,60002,1,776.1,17.949
vnd,RC208,RC,2,1,0,949.8,3,38,1,776.1,22.381
